,index,n_clusters,n_epitopes_captured,percent_clustered,percent_clustered_in_largest,percent_labeled_clustered,mean_purity,c-CSI,c-precision,method,minsize,spike_x,label_reference,fold
0,clustcr,195,20,21.863183224475765,0.9281540048126504,21.863183224475765,85.66476733143399,16.363011344104503,74.84276729559748,clustcr,2,0,tcrvalid,0
1,clustcr,81,13,14.025438294946717,0.9281540048126504,14.025438294946717,85.85962505715594,10.794087315228602,76.96078431372548,clustcr,3,0,tcrvalid,0
2,,227,58,12.079681274900398,0.5099601593625498,12.079681274900398,80.48497482693519,7.681274900398407,63.58839050131926,clustcr,2,1,tcrvalid,1
3,1.0,99,22,8.0,0.5099601593625498,8.0,82.0211038961039,5.290836653386454,66.13545816733068,clustcr,3,1,tcrvalid,1
4,,215,46,11.711281070745699,0.5098789037603569,11.711281070745699,81.54729605020303,7.664117272147865,65.4421768707483,clustcr,2,1,tcrvalid,2
5,2.0,95,18,7.887189292543021,0.5098789037603569,7.887189292543021,82.97545948203842,5.337794773741236,67.67676767676768,clustcr,3,1,tcrvalid,2
6,,238,66,12.44423199490121,0.5098789037603569,12.44423199490121,78.20815826330531,7.87125557680051,63.25224071702945,clustcr,2,1,tcrvalid,3
7,3.0,100,25,8.046526449968132,0.5098789037603569,8.046526449968132,81.63541666666667,5.608667941363926,69.70297029702971,clustcr,3,1,tcrvalid,3
8,,231,59,12.127490039840637,0.5099601593625498,12.127490039840637,80.145202020202,7.98406374501992,65.83442838370566,clustcr,2,1,tcrvalid,4
9,4.0,96,18,7.824701195219124,0.5099601593625498,7.824701195219124,83.99522569444444,5.625498007968128,71.89409368635438,clustcr,3,1,tcrvalid,4
10,,229,57,12.191235059760956,0.5258964143426295,12.191235059760956,80.16640201138017,7.824701195219124,64.18300653594771,clustcr,2,1,tcrvalid,5
11,5.0,100,20,8.079681274900398,0.5258964143426295,8.079681274900398,83.58106060606062,5.561752988047809,68.83629191321499,clustcr,3,1,tcrvalid,5
12,,239,69,12.591648071405801,0.5100414408670705,12.591648071405801,77.8321129707113,7.79407076824992,61.89873417721519,clustcr,2,1,tcrvalid,6
13,6.0,102,23,8.224418233981512,0.5100414408670705,8.224418233981512,80.41053921568627,5.5307618744022955,67.24806201550388,clustcr,3,1,tcrvalid,6
14,,231,58,12.209116990755499,0.5100414408670705,12.211063287103459,79.47145777502921,7.604017216642755,62.27154046997389,clustcr,2,1,tcrvalid,7
15,7.0,93,15,7.810009563277016,0.5100414408670705,7.811254583134066,85.0312553336747,5.34034752112227,68.36734693877551,clustcr,3,1,tcrvalid,7
16,,242,72,12.623525661459993,0.5100414408670705,12.623525661459993,78.20678374655647,7.810009563277016,61.86868686868687,clustcr,2,1,tcrvalid,8
17,8.0,97,19,8.001275103602168,0.5100414408670705,8.001275103602168,83.25816151202748,5.5148230793751996,68.92430278884463,clustcr,3,1,tcrvalid,8
18,,236,63,12.430278884462151,0.5099601593625498,12.416321326107747,78.36145581113801,7.666560408033153,61.745827984595635,clustcr,2,1,tcrvalid,9
19,9.0,101,20,8.127490039840637,0.5099601593625498,8.112846668791839,82.11191654879772,5.467006694293912,67.38703339882122,clustcr,3,1,tcrvalid,9
20,,226,53,12.077756532823454,0.5098789037603569,12.063745019920319,80.18528761061947,7.808764940239044,64.72919418758256,clustcr,2,1,tcrvalid,10
21,10.0,96,18,7.934990439770554,0.5098789037603569,7.920318725099602,83.56119791666666,5.51394422310757,69.61770623742454,clustcr,3,1,tcrvalid,10
22,,290,121,9.60268371946745,0.3354649334311773,9.60268371946745,72.05490558292283,5.031974001467659,52.40174672489083,clustcr,2,2,tcrvalid,1
23,1.0,114,32,5.912569451724499,0.3354649334311773,5.912569451724499,75.84142648287386,3.585281476045707,60.638297872340424,clustcr,3,2,tcrvalid,1
24,,305,136,9.958071278825996,0.33542976939203356,9.958071278825996,70.59318891491023,4.6750524109014675,46.94736842105263,clustcr,2,2,tcrvalid,2
25,2.0,113,28,5.932914046121593,0.33542976939203356,5.932914046121593,75.93736831015592,3.270440251572327,55.12367491166078,clustcr,3,2,tcrvalid,2
26,,299,134,9.749449627843589,0.3354649334311773,9.749449627843589,71.80963661941924,5.063423838976832,51.935483870967744,clustcr,2,2,tcrvalid,3
27,3.0,107,31,5.723870426669462,0.3354649334311773,5.723870426669462,75.89795653463878,3.4909319635181886,60.989010989010985,clustcr,3,2,tcrvalid,3
28,,299,130,9.719018662193331,0.3355001048437828,9.709552270105902,71.41374024526198,4.959630911188005,51.07991360691145,clustcr,2,2,tcrvalid,4
29,4.0,114,36,5.839798699937094,0.3355001048437828,5.829925553108944,75.02375730994152,3.470693090070253,59.53237410071942,clustcr,3,2,tcrvalid,4
30,,281,109,9.40547341931425,0.33553528363216945,9.40547341931425,72.63419335705812,5.074971164936563,53.95763656633222,clustcr,2,2,tcrvalid,5
31,5.0,117,34,5.966236762084513,0.33553528363216945,5.966236762084513,74.8735754985755,3.6279752542728323,60.80843585237258,clustcr,3,2,tcrvalid,5
32,,300,133,9.624659257706018,0.3355001048437828,9.616191275167786,71.65082671957673,4.813338926174497,50.05452562704471,clustcr,2,2,tcrvalid,6
33,6.0,101,25,5.45187670371147,0.3355001048437828,5.44253355704698,79.6559209492378,3.3452181208053693,61.46435452793834,clustcr,3,2,tcrvalid,6
34,,294,129,9.552270105903323,0.33553528363216945,9.552270105903323,71.74674036281178,4.980601866415015,52.14050493962679,clustcr,2,2,tcrvalid,7
35,7.0,110,32,5.693614344133375,0.33553528363216945,5.693614344133375,77.21401515151516,3.554576910978295,62.430939226519335,clustcr,3,2,tcrvalid,7
36,,302,134,9.888842281879194,0.33557046979865773,9.880427942101951,71.03296147377273,4.898258863016572,49.575371549893845,clustcr,2,2,tcrvalid,8
37,8.0,119,35,6.050755033557047,0.33557046979865773,6.041535556954059,75.2265072695745,3.4927627438640654,57.8125,clustcr,3,2,tcrvalid,8
38,,293,122,9.530299853218704,0.3355001048437828,9.531299150676313,72.11336610867329,4.896718045506973,51.375137513751376,clustcr,2,2,tcrvalid,9
39,9.0,105,25,5.588173621304256,0.3355001048437828,5.588759567998323,78.37348828420258,3.4287511796162313,61.350844277673545,clustcr,3,2,tcrvalid,9
40,,299,134,9.817495280050347,0.3356408642752255,9.808035245987622,71.11114429049212,4.846323298017413,49.411764705882355,clustcr,2,2,tcrvalid,10
41,10.0,114,40,5.936647786868051,0.3356408642752255,5.926780656666317,73.79151002506266,3.335780971362635,56.283185840707965,clustcr,3,2,tcrvalid,10
42,,384,221,8.765625,0.25,8.752051262014534,65.95106336805556,3.7665077752598264,43.035714285714285,clustcr,2,3,tcrvalid,1
43,1.0,122,44,4.671875,0.25,4.657341564429163,71.1082650273224,2.6568727045401266,57.04697986577181,clustcr,3,3,tcrvalid,1
44,,383,214,8.803999687524412,0.2499804702757597,8.796875,65.42389344771851,3.578125,40.674955595026645,clustcr,2,3,tcrvalid,2
45,2.0,135,50,4.929302398250137,0.2499804702757597,4.921875,69.31371252204585,2.546875,51.74603174603175,clustcr,3,3,tcrvalid,2
46,,375,207,8.599546981176287,0.25775208935405763,8.592407436338073,66.16785954785955,3.663490079675051,42.63636363636363,clustcr,2,3,tcrvalid,3
47,3.0,125,46,4.694212293993595,0.25775208935405763,4.686767692548039,71.30357864357866,2.601156069364162,55.5,clustcr,3,3,tcrvalid,3
48,,388,222,8.897047336353694,0.2499609436025621,8.889930474181705,64.93518348060874,3.5544098117334584,39.982425307557115,clustcr,2,3,tcrvalid,4
49,4.0,138,55,4.991407592563662,0.2499609436025621,4.983985626122959,68.07863181504486,2.5232403718459495,50.626959247648905,clustcr,3,3,tcrvalid,4
50,,402,242,9.232211200499883,0.24994141997969227,9.225121074832057,63.682406420279555,3.5306983283861895,38.27265029635902,clustcr,2,3,tcrvalid,5
51,5.0,140,60,5.139420448332422,0.24994141997969227,5.132010623340103,66.07376700680271,2.5152319950007813,49.010654490106546,clustcr,3,3,tcrvalid,5
52,,393,237,8.982971410717075,0.25777222309014214,8.96875,64.1883025089132,3.5390625,39.45993031358885,clustcr,2,3,tcrvalid,6
53,6.0,135,59,4.952351195125762,0.25777222309014214,4.9375,66.85928063705842,2.5078125,50.79113924050633,clustcr,3,3,tcrvalid,6
54,,376,209,8.630115588878475,0.25773195876288657,8.630115588878475,66.03051646934627,3.584817244611059,41.53846153846154,clustcr,2,3,tcrvalid,7
55,7.0,125,42,4.709465791940019,0.25773195876288657,4.709465791940019,71.41979353979355,2.5382692908466105,53.89718076285241,clustcr,3,3,tcrvalid,7
56,,379,215,8.76699484294421,0.25003906860446945,8.76699484294421,65.32649902867581,3.531801844038131,40.28520499108735,clustcr,2,3,tcrvalid,8
57,8.0,130,48,4.875761837787154,0.25003906860446945,4.875761837787154,69.68263947590869,2.516018127832474,51.6025641025641,clustcr,3,3,tcrvalid,8
58,,385,218,8.912669895328856,0.2499609436025621,8.912669895328856,65.47539167182025,3.58537728479925,40.227870289219986,clustcr,2,3,tcrvalid,9
59,9.0,136,56,5.022652710513982,0.2499609436025621,5.022652710513982,66.6031308356676,2.4293079206374,48.367029548989116,clustcr,3,3,tcrvalid,9
60,,386,218,8.951726292766756,0.2499609436025621,8.952425591750645,65.48023346112724,3.452855245683931,38.56893542757417,clustcr,2,3,tcrvalid,10
61,10.0,128,45,4.921106077175441,0.2499609436025621,4.921490508554019,69.33882903121184,2.359190688227482,47.93650793650794,clustcr,3,3,tcrvalid,10
62,,461,292,8.304282868525897,0.199203187250996,8.304799850588308,61.524829563061665,2.907302496420345,35.007496251874066,clustcr,2,4,tcrvalid,1
63,1.0,157,71,4.519422310756972,0.199203187250996,4.519703666811928,63.45825750682438,2.110440141941107,46.69421487603306,clustcr,3,4,tcrvalid,1
64,,508,341,8.972044081937613,0.19924039599028703,8.973161467090105,60.22712655709703,2.7274425555763124,30.39555863983345,clustcr,2,4,tcrvalid,2
65,2.0,171,81,4.775543241392192,0.19924039599028703,4.776137991157606,61.08409526903679,1.905473566224547,39.895697522816164,clustcr,3,4,tcrvalid,2
66,,494,325,8.571962151394422,0.199203187250996,8.555417185554171,61.32745726495727,2.8891656288916563,33.770014556040756,clustcr,2,4,tcrvalid,3
67,3.0,154,72,4.338894422310757,0.199203187250996,4.321295143212952,64.25820707070707,2.0423412204234124,47.262247838616716,clustcr,3,4,tcrvalid,3
68,,520,359,9.051294820717132,0.20542828685258965,9.051858307912594,59.85922410922411,2.751665317811119,30.398899587345255,clustcr,2,4,tcrvalid,4
69,4.0,173,88,4.731075697211155,0.20542828685258965,4.731370229720476,61.137552235818134,1.9548029633318806,41.31578947368421,clustcr,3,4,tcrvalid,4
70,,485,316,8.664259927797834,0.20540271380555208,8.659652617817343,60.79915502595915,2.8388221378322855,32.78217109992811,clustcr,2,4,tcrvalid,5
71,5.0,163,83,4.655794846259181,0.20540271380555208,4.650438896843678,60.96681096681097,1.9797049119093568,42.570281124497996,clustcr,3,4,tcrvalid,5
72,,487,323,8.528386454183266,0.199203187250996,8.529448387498444,61.27100241191617,2.832773004607147,33.21167883211679,clustcr,2,4,tcrvalid,6
73,6.0,150,70,4.3326693227091635,0.199203187250996,4.333208815838625,63.25985449735449,1.961150541651102,45.258620689655174,clustcr,3,4,tcrvalid,6
74,,485,318,8.527855586679117,0.20541549953314658,8.527855586679117,61.33482840183871,2.7762215997510116,32.55474452554745,clustcr,2,4,tcrvalid,7
75,7.0,143,62,4.270152505446623,0.20541549953314658,4.270152505446623,64.31742499924317,1.9172113289760349,44.89795918367347,clustcr,3,4,tcrvalid,7
76,,504,343,8.913787737317149,0.21164021164021163,8.909781458190649,59.91203105173694,2.795591806238715,31.37665967854647,clustcr,2,4,tcrvalid,8
77,8.0,172,94,4.780578898225957,0.21164021164021163,4.775543241392192,59.2771142446245,1.948820123279995,40.80834419817471,clustcr,3,4,tcrvalid,8
78,,494,329,8.734902253766654,0.2054538662682107,8.735446111699147,60.5526052894474,2.901438266608555,33.21454027084818,clustcr,2,4,tcrvalid,9
79,9.0,165,78,4.638276677873241,0.2054538662682107,4.63856546914887,62.199921290830375,2.1044766826474066,45.369127516778526,clustcr,3,4,tcrvalid,9
80,,481,319,8.561110765207646,0.19924039599028703,8.555417185554171,60.67156264271649,2.8019925280199254,32.751091703056765,clustcr,2,4,tcrvalid,10
81,10.0,158,77,4.538945271153726,0.19924039599028703,4.533001245330013,61.91785842497868,1.9925280199252802,43.956043956043956,clustcr,3,4,tcrvalid,10
82,,627,463,8.681705298013245,0.16556291390728478,8.681705298013245,58.06841915394547,2.3696192052980134,27.294398092967818,clustcr,2,5,tcrvalid,1
83,1.0,168,86,3.9321192052980134,0.16556291390728478,3.9321192052980134,60.46963577097505,1.6866721854304636,42.89473684210526,clustcr,3,5,tcrvalid,1
84,,633,469,8.806788781951775,0.16558004760426367,8.797350445042435,57.32573848391383,2.3080107638170153,26.235294117647058,clustcr,2,5,tcrvalid,2
85,2.0,178,95,4.098106178205526,0.16558004760426367,4.088180500931484,58.916811574817196,1.6766714965845582,41.0126582278481,clustcr,3,5,tcrvalid,2
86,,594,432,8.37644867549669,0.16556291390728478,8.372141156990583,58.30375514403292,2.3129462899720585,27.626699629171817,clustcr,2,5,tcrvalid,3
87,3.0,173,92,4.020074503311259,0.16556291390728478,4.015316154403394,59.146997430956965,1.6195798406292041,40.33505154639175,clustcr,3,5,tcrvalid,3
88,,620,460,8.825659596482152,0.16554578375581996,8.826116198458275,57.12399193548387,2.2453308500181075,25.439624853458383,clustcr,2,5,tcrvalid,4
89,4.0,192,109,4.397309881013968,0.16554578375581996,4.397537379067722,56.598307291666664,1.593460603238657,36.23529411764706,clustcr,3,5,tcrvalid,4
90,,619,461,8.748060010346611,0.16554578375581996,8.738617549668874,57.57547054901659,2.178187086092715,24.92599171107164,clustcr,2,5,tcrvalid,5
91,5.0,180,99,4.205897568546301,0.16554578375581996,4.195985099337748,58.27342372134038,1.5159354304635762,36.128236744759555,clustcr,3,5,tcrvalid,5
92,,602,432,8.665735423456981,0.1655543483884319,8.646830530401035,58.02901221609693,2.3751617076326004,27.468581687612208,clustcr,2,5,tcrvalid,6
93,6.0,183,98,4.330280925034922,0.1655543483884319,4.3104786545924965,57.83314401142269,1.6714100905562743,38.775510204081634,clustcr,3,5,tcrvalid,6
94,,611,446,8.499741334712882,0.17071908949818934,8.49071247477622,58.49656253911574,2.3645677032131216,27.84887263863498,clustcr,2,5,tcrvalid,7
95,7.0,171,89,3.9472322814278322,0.17071908949818934,3.9374967661820253,60.47602170409187,1.660888911884928,42.18134034165572,clustcr,3,5,tcrvalid,7
96,,643,473,8.913605794102432,0.16554578375581996,8.913605794102432,57.76575884371374,2.296947749612002,25.769007544979686,clustcr,2,5,tcrvalid,8
97,8.0,177,89,4.092084842214175,0.16554578375581996,4.092084842214175,59.84962111021433,1.6244180031039834,39.69658659924146,clustcr,3,5,tcrvalid,8
98,,633,470,8.909815284317276,0.16557148031251617,8.896134140661388,57.37019025822343,2.3650571857372045,26.58522396742292,clustcr,2,5,tcrvalid,9
99,9.0,193,112,4.356599575723082,0.16557148031251617,4.3419758836619575,56.556116235520385,1.6612327278372923,38.25983313468415,clustcr,3,5,tcrvalid,9
100,,620,458,8.786545924967658,0.16558861578266496,8.777105004398903,57.70669015124661,2.375407545412203,27.06367924528302,clustcr,2,5,tcrvalid,10
101,10.0,174,90,4.170763260025873,0.16558861578266496,4.16084458934948,58.78245915961433,1.7026341665372873,40.92039800995025,clustcr,3,5,tcrvalid,10
102,clustcr,195,20,21.863183224475765,0.9281540048126504,21.863183224475765,85.66476733143399,16.363011344104503,74.84276729559748,clustcr,2,0,gliph,0
103,clustcr,81,13,14.025438294946717,0.9281540048126504,14.025438294946717,85.85962505715594,10.794087315228602,76.96078431372548,clustcr,3,0,gliph,0
104,,276,55,11.35632183908046,0.1532567049808429,11.358062538320048,81.73280423280423,6.606376456161864,58.16464237516869,clustcr,2,1,gliph,1
105,1.0,82,14,5.409961685823755,0.1532567049808429,5.410790925812385,86.68602400309717,3.080931943592888,56.94050991501416,clustcr,3,1,gliph,1
106,,267,49,11.24731841863316,0.15323322096230463,11.24731841863316,82.22088460852505,6.788231688630095,60.35422343324251,clustcr,2,1,gliph,2
107,2.0,90,20,5.822862396567576,0.15323322096230463,5.822862396567576,82.81084656084657,3.3251608948820106,57.10526315789474,clustcr,3,1,gliph,2
108,,289,72,11.93686791296353,0.15323322096230463,11.923371647509578,79.3350085132092,6.712643678160919,56.29820051413882,clustcr,2,1,gliph,3
109,3.0,94,25,5.96077229543365,0.15323322096230463,5.946360153256705,80.08316447146234,3.2490421455938696,54.63917525773196,clustcr,3,1,gliph,3
110,,287,64,11.739463601532567,0.1532567049808429,11.739463601532567,80.33598805375809,6.973180076628353,59.39947780678851,clustcr,2,1,gliph,4
111,4.0,91,19,5.731800766283525,0.1532567049808429,5.731800766283525,83.03767660910518,3.478927203065134,60.6951871657754,clustcr,3,1,gliph,4
112,,274,58,11.448275862068966,0.1532567049808429,11.448275862068966,81.24435175530067,6.681992337164751,58.366800535475235,clustcr,2,1,gliph,5
113,5.0,88,21,5.747126436781609,0.1532567049808429,5.747126436781609,82.5108225108225,3.1877394636015324,55.46666666666667,clustcr,3,1,gliph,5
114,,284,67,11.971183323114653,0.15328019619865113,11.957688180285144,79.25106192711826,6.438755173999693,53.84615384615385,clustcr,2,1,gliph,6
115,6.0,99,28,6.2998160637645615,0.15328019619865113,6.2854514793806535,77.85153118486451,3.0354131534569984,48.292682926829265,clustcr,3,1,gliph,6
116,,270,56,11.327406499080318,0.16860821581851626,11.313812662885175,81.66297899631233,6.868005518933006,60.704607046070464,clustcr,2,1,gliph,7
117,7.0,94,21,5.931943592887799,0.16860821581851626,5.917522612294956,81.90430137238647,3.464663498390311,58.54922279792746,clustcr,3,1,gliph,7
118,,285,72,11.909871244635193,0.15328019619865113,11.909871244635193,79.58020050125315,6.698344573881054,56.241956241956245,clustcr,2,1,gliph,8
119,8.0,94,28,6.054567749846719,0.15328019619865113,6.054567749846719,79.04635258358662,3.2035561005518085,52.91139240506329,clustcr,3,1,gliph,8
120,,271,52,11.46360153256705,0.1685823754789272,11.46360153256705,81.38726484667444,6.712643678160919,58.55614973262032,clustcr,2,1,gliph,9
121,9.0,91,17,5.946360153256705,0.1685823754789272,5.946360153256705,82.48295355438212,3.310344827586207,55.670103092783506,clustcr,3,1,gliph,9
122,,277,63,11.645724793135152,0.15323322096230463,11.645724793135152,80.27133115580769,6.589028501379099,56.578947368421055,clustcr,2,1,gliph,10
123,10.0,95,24,6.068035550107263,0.15323322096230463,6.068035550107263,79.843776106934,3.187250996015936,52.525252525252526,clustcr,3,1,gliph,10
124,,331,122,9.17356216160997,0.10215548064153641,9.174499387004495,73.90627247878004,4.127503064977524,44.98886414253897,clustcr,2,2,gliph,1
125,1.0,112,38,4.699152109510675,0.10215548064153641,4.69963220269718,72.88371598639456,1.9411524315488353,41.30434782608695,clustcr,3,2,gliph,1
126,,361,152,9.713993871297243,0.11235955056179775,9.70477066094596,72.08646616541354,4.392685667586066,45.26315789473684,clustcr,2,2,gliph,2
127,2.0,111,42,4.606741573033708,0.11235955056179775,4.596996628869139,71.83075933075932,2.1248339973439574,46.22222222222222,clustcr,3,2,gliph,2
128,,354,139,9.520890795791194,0.11237102870569006,9.520890795791194,72.87764652171433,4.300745735008683,45.17167381974249,clustcr,2,2,gliph,3
129,3.0,104,33,4.413116763714373,0.11237102870569006,4.413116763714373,74.98737373737373,2.053325160894882,46.52777777777778,clustcr,3,2,gliph,3
130,,344,133,9.419697588884349,0.1021659174499387,9.419697588884349,73.17241140642304,4.301185124642419,45.66160520607375,clustcr,2,2,gliph,4
131,4.0,111,41,4.658765835717205,0.1021659174499387,4.658765835717205,71.36314886314885,2.0126685737637926,43.20175438596491,clustcr,3,2,gliph,4
132,,326,121,9.001736998058648,0.1021763563911311,9.001736998058648,74.25844775538027,4.4344538673750895,49.2622020431328,clustcr,2,2,gliph,5
133,5.0,118,41,4.751200572187596,0.1021763563911311,4.751200572187596,72.52757600215229,2.2887503831613363,48.17204301075269,clustcr,3,2,gliph,5
134,,342,125,9.154066203514507,0.1021659174499387,9.154066203514507,74.30288684674649,4.3829178586023705,47.879464285714285,clustcr,2,2,gliph,6
135,6.0,96,26,4.127503064977524,0.1021659174499387,4.127503064977524,78.24570105820106,2.0944013077237433,50.742574257425744,clustcr,3,2,gliph,6
136,,356,150,9.635230407683663,0.1021763563911311,9.635230407683663,72.34494827893705,4.322059875344845,44.856839872746555,clustcr,2,2,gliph,7
137,7.0,111,45,4.628588944518238,0.1021763563911311,4.628588944518238,70.76397826397826,2.0128742209052826,43.4878587196468,clustcr,3,2,gliph,7
138,,362,147,9.769057837727365,0.10218679746576742,9.751609935602575,72.20928702972901,4.415823367065317,45.283018867924525,clustcr,2,2,gliph,8
139,8.0,114,37,4.700592683425302,0.10218679746576742,4.681590514157212,73.15580618212196,2.2079116835326587,47.161572052401745,clustcr,3,2,gliph,8
140,,360,141,9.53208009807928,0.11238250919493258,9.533054051292531,73.2973885682219,4.3424951466230715,45.551982851018224,clustcr,2,2,gliph,9
141,9.0,99,27,4.199019207192481,0.11238250919493258,4.1994482476754875,78.65717055110996,2.0741800347399613,49.39172749391727,clustcr,3,2,gliph,9
142,,339,126,9.280457890433361,0.10220768601798855,9.280457890433361,73.71646298637448,4.302943581357318,46.36563876651982,clustcr,2,2,gliph,10
143,10.0,107,37,4.5380212591986915,0.10220768601798855,4.5380212591986915,73.73720516243881,2.05437448896157,45.270270270270274,clustcr,3,2,gliph,10
144,,445,237,8.773946360153257,0.07662835249042145,8.760634628650264,67.04173354735153,3.1194910707442323,35.60804899387576,clustcr,2,3,gliph,1
145,1.0,123,47,3.839080459770115,0.07662835249042145,3.8246340154824865,69.78513356562138,1.5405840423085766,40.28056112224449,clustcr,3,3,gliph,1
146,,428,221,8.574055627921233,0.08428472913952954,8.574055627921233,67.38360743617753,3.034250249023063,35.388739946380696,clustcr,2,3,gliph,2
147,2.0,130,56,4.0073557581794494,0.08428472913952954,4.0073557581794494,66.4629537129537,1.4098536510612214,35.18164435946463,clustcr,3,3,gliph,2
148,,430,226,8.442503639010189,0.07661074082586379,8.442503639010189,67.703026947213,3.0797517811997244,36.47912885662432,clustcr,2,3,gliph,3
149,3.0,121,52,3.7079598559718074,0.07661074082586379,3.7079598559718074,67.04381477108751,1.378993334865548,37.1900826446281,clustcr,3,3,gliph,3
150,,429,217,8.542752068648483,0.08427827152926755,8.535744387403264,67.54966414057324,3.149183970576967,36.89407540394973,clustcr,2,3,gliph,4
151,4.0,127,54,3.915108795586883,0.08427827152926755,3.907746532832733,66.76225130949543,1.4941383802007508,38.23529411764706,clustcr,3,3,gliph,4
152,,447,241,8.963456676626063,0.08427181490845016,8.956481765246705,66.50947796920951,3.0570027581979775,34.131736526946106,clustcr,2,3,gliph,5
153,5.0,132,60,4.136980004596644,0.08427181490845016,4.1296353049341095,64.61921706239887,1.386760649708857,33.580705009276436,clustcr,3,3,gliph,5
154,,436,236,8.826233527428746,0.09193993257738278,8.826233527428746,66.45523882335809,3.1029727244866687,35.15625,clustcr,2,3,gliph,6
155,6.0,128,57,4.106650321789764,0.09193993257738278,4.106650321789764,65.0350322420635,1.4940239043824701,36.38059701492537,clustcr,3,3,gliph,6
156,,434,232,8.572085184617741,0.08426535927685001,8.572085184617741,67.72177834965854,3.1867626781063274,37.17605004468275,clustcr,2,3,gliph,7
157,7.0,121,52,3.7766201930442778,0.08426535927685001,3.7766201930442778,68.52274217976698,1.5167764669833002,40.16227180527383,clustcr,3,3,gliph,7
158,,417,205,8.407418761496015,0.08430410790925813,8.400398559055722,68.26430630387465,3.1884724457729745,37.956204379562045,clustcr,2,3,gliph,8
159,8.0,126,50,3.946965052115267,0.08430410790925813,3.9396029738637233,68.77948991044228,1.5789070284356557,40.07782101167315,clustcr,3,3,gliph,8
160,,439,225,8.764940239043824,0.08427827152926755,8.765611830511071,67.26008868377889,3.1415217224733736,35.83916083916084,clustcr,2,3,gliph,9
161,9.0,133,56,4.076003677597303,0.08427827152926755,4.076315991111792,65.99382655773633,1.47115163588997,36.090225563909776,clustcr,3,3,gliph,9
162,,432,223,8.695985289610787,0.08427827152926755,8.695985289610787,66.84038633691411,3.1182960465828993,35.859030837004404,clustcr,2,3,gliph,10
163,10.0,134,56,4.1296353049341095,0.08427827152926755,4.1296353049341095,65.11229028020072,1.5093472264787007,36.54916512059369,clustcr,3,3,gliph,10
164,,520,316,8.232193208287361,0.06742675003064852,8.23320255026974,63.098283660783665,2.415399705738107,29.337304542069994,clustcr,2,4,gliph,1
165,1.0,159,85,3.806546524457521,0.06742675003064852,3.8070132417851887,59.818286186210706,1.1280039234919077,29.62962962962963,clustcr,3,4,gliph,1
166,,554,359,8.693519710624733,0.06130831953896144,8.683387502299626,61.90913128187496,2.379346293003005,27.401129943502823,clustcr,2,4,gliph,2
167,2.0,153,81,3.7765924836000244,0.06130831953896144,3.765254185319188,59.13502438012243,1.1038204452075795,29.315960912052116,clustcr,3,4,gliph,2
168,,543,340,8.452862572024028,0.06742675003064852,8.44215560051499,62.85340912412737,2.5749494206363805,30.501089324618736,clustcr,2,4,gliph,3
169,3.0,160,88,3.757508888071595,0.06742675003064852,3.745938323830544,60.49625721500721,1.275213046410398,34.04255319148936,clustcr,3,4,gliph,3
170,,576,374,8.992276572269217,0.07355645457888929,8.992827806044259,61.76979993386244,2.556243486789677,28.425357873210633,clustcr,2,4,gliph,4
171,4.0,161,90,3.9046217972293737,0.07355645457888929,3.904861153681113,59.80996746524696,1.2811867835468644,32.810047095761384,clustcr,3,4,gliph,4
172,,546,351,8.629566070115224,0.06741848492277519,8.630095004596997,61.81778538921397,2.457860864235366,28.480113636363637,clustcr,2,4,gliph,5
173,5.0,168,96,3.9960774699681294,0.06741848492277519,3.996322402696905,58.34827870542157,1.2197364388599448,30.521472392638035,clustcr,3,4,gliph,5
174,,533,332,8.416084344734584,0.06742675003064852,8.410985777341834,62.6007055275348,2.268268759195684,26.96793002915452,clustcr,2,4,gliph,6
175,6.0,154,76,3.7697682971680764,0.06742675003064852,3.7641000490436487,60.81932497516913,1.0299166257969592,27.36156351791531,clustcr,3,4,gliph,6
176,,537,340,8.452344468280723,0.06129328838492185,8.446732867475788,62.557935030002064,2.3476768419762166,27.793904208998548,clustcr,2,4,gliph,7
177,7.0,147,75,3.671467974256819,0.06129328838492185,3.6655633198479833,60.84089191232047,1.0849577050386172,29.598662207357858,clustcr,3,4,gliph,7
178,,574,370,9.00398406374502,0.06129328838492185,9.005087966652363,61.67392566782811,2.464292282228897,27.36555479918312,clustcr,2,4,gliph,8
179,8.0,168,97,4.0269690468893655,0.06129328838492185,4.027462759762153,57.147817460317455,1.1156746153374608,27.701674277016743,clustcr,3,4,gliph,8
180,,556,357,8.717508582638548,0.0674350171652771,8.717508582638548,62.30185981085262,2.415399705738107,27.70745428973277,clustcr,2,4,gliph,9
181,9.0,150,74,3.739578224619912,0.0674350171652771,3.739578224619912,61.59889369889368,1.1647866601275134,31.147540983606557,clustcr,3,4,gliph,9
182,,521,319,8.276623137759794,0.07356998344675372,8.276623137759794,62.96019559455261,2.3603703022500153,28.51851851851852,clustcr,2,4,gliph,10
183,10.0,148,76,3.7030225001532706,0.07356998344675372,3.7030225001532706,60.150418275418275,1.072895591931825,28.973509933774835,clustcr,3,4,gliph,10
184,,665,464,8.473797119215446,0.05107774032076821,8.473797119215446,59.800811552691265,1.8694452957401164,22.06148282097649,clustcr,2,5,gliph,1
185,1.0,164,84,3.3558075390744713,0.05107774032076821,3.3558075390744713,59.253290747193184,0.8478904893247523,25.266362252663622,clustcr,3,5,gliph,1
186,,645,453,8.260114425827544,0.05619125459746629,8.255427841634738,59.794551271295454,1.9565772669220944,23.70049504950495,clustcr,2,5,gliph,2
187,2.0,174,99,3.4480997139354312,0.05619125459746629,3.443167305236271,57.28439982750328,0.9246487867177522,26.85459940652819,clustcr,3,5,gliph,2
188,,671,471,8.647461436306058,0.05618551435284503,8.642795116718599,59.019667615047645,1.9461613117433723,22.5177304964539,clustcr,2,5,gliph,3
189,3.0,185,110,3.682705077127388,0.05618551435284503,3.6777851560504673,55.41728091728091,0.9143382540736579,24.86111111111111,clustcr,3,5,gliph,3
190,,677,473,8.758937691521961,0.056179775280898875,8.754724690979671,58.767427386334326,1.9051997139646542,21.76196032672112,clustcr,2,5,gliph,4
191,4.0,191,113,3.794688457609806,0.056179775280898875,3.7899683318010013,54.636378746326386,0.8734293594851363,23.045822102425877,clustcr,3,5,gliph,4
192,,670,470,8.707865168539326,0.056179775280898875,8.708309923898055,58.86292563158234,1.7774145768425353,20.410557184750733,clustcr,2,5,gliph,5
193,5.0,163,88,3.529111338100102,0.056179775280898875,3.529291587925839,56.369080816933575,0.7763419990806476,21.99710564399421,clustcr,3,5,gliph,5
194,,640,437,8.366106542724348,0.06129015782215639,8.356745160136896,59.35385101010102,1.9512693466823312,23.34963325183374,clustcr,2,5,gliph,6
195,6.0,188,104,3.7489146534552327,0.06129015782215639,3.739081575317975,56.310982162045995,0.9705266384022067,25.956284153005466,clustcr,3,5,gliph,6
196,,662,458,8.442288049029623,0.056179775280898875,8.443150475022986,59.46793681310297,1.8898763918684238,22.383545069570477,clustcr,2,5,gliph,7
197,7.0,176,98,3.4780388151174666,0.056179775280898875,3.4783941158443152,57.20326233110324,0.8683215854530596,24.963289280469898,clustcr,3,5,gliph,7
198,,693,493,8.855975485188969,0.056179775280898875,8.851320292149753,59.055859564517576,2.0123601818274683,22.735141373341026,clustcr,2,5,gliph,8
199,8.0,175,103,3.564862104187947,0.056179775280898875,3.5599366668369172,56.146918161203864,0.9499974462434241,26.685796269727405,clustcr,3,5,gliph,8
200,,688,486,8.78582009500945,0.05108034938958982,8.776949013998161,59.33624031007752,2.0333094921835086,23.166472642607683,clustcr,2,5,gliph,9
201,9.0,173,101,3.524544107881698,0.05108034938958982,3.5148666598549094,56.20423892100192,0.9400224787984061,26.74418604651163,clustcr,3,5,gliph,9
202,,667,468,8.64367816091954,0.06641123882503193,8.634343227916007,59.17632758712219,2.023195217902212,23.431952662721894,clustcr,2,5,gliph,10
203,10.0,181,105,3.67816091954023,0.06641123882503193,3.6683186021560314,55.91497514149447,0.9911612936187605,27.01949860724234,clustcr,3,5,gliph,10
