,repertoire_id
0,6597997132316077590-242ac113-0001-012
1,8041387213760762346-242ac113-0001-012
2,8296765969180922346-242ac113-0001-012
3,8626049353405951510-242ac113-0001-012
4,7085800008821314026-242ac113-0001-012
5,1958487559830957590-242ac113-0001-012
6,7634525030558274026-242ac113-0001-012
7,3129659521642336746-242ac113-0001-012
8,877374609918914070-242ac113-0001-012
9,4738018595110317590-242ac113-0001-012
10,8842945415369200106-242ac113-0001-012
11,4232610284415554026-242ac113-0001-012
12,8821115154398637590-242ac113-0001-012
13,6664740924095917590-242ac113-0001-012
14,5969600467238317590-242ac113-0001-012
15,5624285096639917590-242ac113-0001-012
16,5979951962544148971-242ac118-0001-012
17,3776444552738762260-242ac117-0001-012
18,8192956682679161322-242ac113-0001-012
19,6112474520201794026-242ac113-0001-012
20,8624085495556674026-242ac113-0001-012
21,4144274420728467946-242ac113-0001-012
22,4372852580221587946-242ac113-0001-012
23,8178786653546746346-242ac113-0001-012
24,8687779860556354026-242ac113-0001-012
25,7759969198167551510-242ac113-0001-012
26,3255289656400613867-242ac117-0001-012
27,2220343820485267946-242ac113-0001-012
28,5093751227263554026-242ac113-0001-012
29,5856795117070914026-242ac113-0001-012
30,5754938001784237590-242ac113-0001-012
31,5636729785891754476-242ac114-0001-012
32,6038019924681036267-242ac118-0001-012
33,1325622345084628500-242ac114-0001-012
34,5436423227112877590-242ac113-0001-012
35,303352230808514070-242ac113-0001-012
36,6479092928588354026-242ac113-0001-012
37,4304894584007234026-242ac113-0001-012
38,8176292205275714026-242ac113-0001-012
39,1084118117711277590-242ac113-0001-012
40,6385849188592194026-242ac113-0001-012
41,2310237485990547946-242ac113-0001-012
42,4657187310599597590-242ac113-0001-012
43,2831139015032237590-242ac113-0001-012
44,2429323868711349780-242ac117-0001-012
45,6843368613936557590-242ac113-0001-012
46,8040215814231551510-242ac113-0001-012
47,7774369165716034026-242ac113-0001-012
48,1703108804410797590-242ac113-0001-012
49,3258038431175086571-242ac117-0001-012
50,6047706413378114026-242ac113-0001-012
51,3416543057477037590-242ac113-0001-012
52,1986611700236947946-242ac113-0001-012
53,8234875490445562346-242ac113-0001-012
54,2120962191251739116-242ac114-0001-012
55,491171150662594070-242ac113-0001-012
56,6451238099811757590-242ac113-0001-012
57,7845524946703871510-242ac113-0001-012
58,4328313769362067946-242ac113-0001-012
59,5986523262507028971-242ac118-0001-012
60,7814355311241794026-242ac113-0001-012
61,8995084770585154026-242ac113-0001-012
62,4312637138731667946-242ac113-0001-012
63,7342553085028602346-242ac113-0001-012
64,5393840592235074026-242ac113-0001-012
65,9017695807536557590-242ac113-0001-012
66,5986652111525908971-242ac118-0001-012
67,9148844599781954026-242ac113-0001-012
68,3474860817973907946-242ac113-0001-012
69,8103984464985517590-242ac113-0001-012
70,7906544814093430294-242ac113-0001-012
71,7143352570587714026-242ac113-0001-012
72,902586067946434070-242ac113-0001-012
73,1087999806114754070-242ac113-0001-012
74,8887238141782594026-242ac113-0001-012
75,8756756966582522346-242ac113-0001-012
76,7292044338375234026-242ac113-0001-012
77,4781690517127827946-242ac113-0001-012
78,6254165491296834026-242ac113-0001-012
79,2906922517671776746-242ac113-0001-012
80,5968913896593428971-242ac118-0001-012
81,1322143421574868500-242ac114-0001-012
82,8160017646463226346-242ac113-0001-012
83,2138356813095506412-242ac114-0001-012
84,9125694726056514026-242ac113-0001-012
85,9157110445964717590-242ac113-0001-012
86,6133047413549634026-242ac113-0001-012
87,7166264255249837590-242ac113-0001-012
88,8016335796065791510-242ac113-0001-012
89,5672131032317357590-242ac113-0001-012
90,7735202431215866346-242ac113-0001-012
91,8732791049070842346-242ac113-0001-012
92,2438686897416629780-242ac117-0001-012
93,4502096041541037590-242ac113-0001-012
94,2145744152549659116-242ac114-0001-012
95,2130325219957019116-242ac114-0001-012
96,1196122969408147946-242ac113-0001-012
97,561565664644034070-242ac113-0001-012
98,2879672145477037590-242ac113-0001-012
99,2130110471592219116-242ac114-0001-012
100,5054686533844397590-242ac113-0001-012
101,2127490541541659116-242ac114-0001-012
102,6027110703454228971-242ac118-0001-012
103,3195669664288281066-242ac113-0001-012
104,8247135724961197590-242ac113-0001-012
105,9030163039801840106-242ac113-0001-012
106,815570030529474070-242ac113-0001-012
107,8439550259821997590-242ac113-0001-012
108,1603980959219117590-242ac113-0001-012
109,3567356134084121066-242ac113-0001-012
110,3458221015092761066-242ac113-0001-012
111,1426127463043624470-242ac113-0001-012
112,8799609195352560106-242ac113-0001-012
113,2895262876761517590-242ac113-0001-012
114,7165729350199874026-242ac113-0001-012
115,3085335459147616746-242ac113-0001-012
116,7960645264582906346-242ac113-0001-012
117,3265769372307886571-242ac117-0001-012
118,5133069686996397590-242ac113-0001-012
119,1915409037852077590-242ac113-0001-012
120,2121005140924699116-242ac114-0001-012
121,5939536320288788971-242ac118-0001-012
122,1546858993734184470-242ac113-0001-012
123,7978019262740107756-242ac117-0001-012
124,920152484187074070-242ac113-0001-012
125,6015751856695874026-242ac113-0001-012
126,7272306997788077590-242ac113-0001-012
127,6188409541995074026-242ac113-0001-012
128,8153657727625794026-242ac113-0001-012
129,3723005748891161066-242ac113-0001-012
130,8865064496943600106-242ac113-0001-012
131,7531262189655551510-242ac113-0001-012
132,4887678696401474026-242ac113-0001-012
133,8647352391194111510-242ac113-0001-012
134,5241388762201517590-242ac113-0001-012
135,1737632446087827946-242ac113-0001-012
136,8603512602208834026-242ac113-0001-012
137,1323388962090708500-242ac114-0001-012
138,9076462573737471510-242ac113-0001-012
139,8348723315103231510-242ac113-0001-012
140,6694989107451391510-242ac113-0001-012
141,7727339273824834026-242ac113-0001-012
142,3799946892608147946-242ac113-0001-012
143,2140590191794459116-242ac114-0001-012
144,750157678611394070-242ac113-0001-012
145,8301962948356674026-242ac113-0001-012
146,4489675690672787946-242ac113-0001-012
147,5781953346076077590-242ac113-0001-012
148,2143682568247579116-242ac114-0001-012
149,2121305792930386412-242ac114-0001-012
150,2375701782516264470-242ac113-0001-012
151,7014620573619711510-242ac113-0001-012
152,8009260927134274026-242ac113-0001-012
153,547376054730157590-242ac113-0001-012
154,2143854366939419116-242ac114-0001-012
155,162367290933907946-242ac113-0001-012
156,5954869353535508971-242ac118-0001-012
157,8562429274160557590-242ac113-0001-012
158,3775241961895882260-242ac117-0001-012
159,3771195281952281066-242ac113-0001-012
160,2909925490085401066-242ac113-0001-012
161,7921760616207871510-242ac113-0001-012
162,8892411611512237590-242ac113-0001-012
163,5200910661298754026-242ac113-0001-012
164,1424701128901267946-242ac113-0001-012
165,5438207604402754026-242ac113-0001-012
166,2121133989943579116-242ac114-0001-012
167,3945296481287597590-242ac113-0001-012
168,4048024203625107946-242ac113-0001-012
169,4715856563862957590-242ac113-0001-012
170,3776745200449482260-242ac117-0001-012
171,3040581899923296746-242ac113-0001-012
172,2140547242121499116-242ac114-0001-012
173,6819059099041197590-242ac113-0001-012
174,6671409736996351510-242ac113-0001-012
175,7963593597670911510-242ac113-0001-012
176,8526351548874157590-242ac113-0001-012
177,4869694397022867946-242ac113-0001-012
178,3100410794356576746-242ac113-0001-012
179,5994125354620948971-242ac118-0001-012
180,3206811909030547946-242ac113-0001-012
181,8816660002002431510-242ac113-0001-012
182,4763725940238914026-242ac113-0001-012
183,2987539053817696746-242ac113-0001-012
184,2286314518151827946-242ac113-0001-012
185,2564027103511187946-242ac113-0001-012
186,2118471110220059116-242ac114-0001-012
187,6048585539934228971-242ac118-0001-012
188,8159088895393197590-242ac113-0001-012
189,5304934769207874026-242ac113-0001-012
190,5067048144274067946-242ac113-0001-012
191,5139879176022594026-242ac113-0001-012
192,2478342505955987946-242ac113-0001-012
193,5632563667614634476-242ac114-0001-012
194,7393319598467322346-242ac113-0001-012
195,3268002755301806571-242ac117-0001-012
196,2132257955240219116-242ac114-0001-012
197,7371391893306797590-242ac113-0001-012
198,8653365558923760106-242ac113-0001-012
199,5793358450108994026-242ac113-0001-012
200,7806612543002111510-242ac113-0001-012
201,2649009731546976746-242ac113-0001-012
202,8345814495701242346-242ac113-0001-012
203,8289452766418431510-242ac113-0001-012
204,5254960858856877590-242ac113-0001-012
205,7963066588003757590-242ac113-0001-012
206,5637416980659114476-242ac114-0001-012
207,5840923247050157590-242ac113-0001-012
208,183197882319507946-242ac113-0001-012
209,2135740860136877590-242ac113-0001-012
210,2130969465051419116-242ac114-0001-012
211,4293911081321107946-242ac113-0001-012
212,2387761645683347946-242ac113-0001-012
213,2138528611787346412-242ac114-0001-012
214,2825056936316441066-242ac113-0001-012
215,2652856022127144470-242ac113-0001-012
216,4209394020318637590-242ac113-0001-012
217,2412508552691117590-242ac113-0001-012
218,7659970745925037590-242ac113-0001-012
219,7945886718819757590-242ac113-0001-012
220,1709242712261267946-242ac113-0001-012
221,7337308342175854100-242ac117-0001-012
222,4468575787657794026-242ac113-0001-012
223,2434520779139509780-242ac117-0001-012
224,5582194417139117590-242ac113-0001-012
225,5801194799562157590-242ac113-0001-012
226,5249572640762434026-242ac113-0001-012
227,5946279418943508971-242ac118-0001-012
228,6038019920386068971-242ac118-0001-012
229,2686329492655641066-242ac113-0001-012
230,5510339614277037590-242ac113-0001-012
231,6641719899389357590-242ac113-0001-012
232,7641955255232762346-242ac113-0001-012
233,3773669588139437590-242ac113-0001-012
234,2371097172574867946-242ac113-0001-012
235,1682450011717037590-242ac113-0001-012
236,5974454404405268971-242ac118-0001-012
237,7615658297021951510-242ac113-0001-012
238,6209111284361794026-242ac113-0001-012
239,6739699717002751510-242ac113-0001-012
240,4812536277695917590-242ac113-0001-012
241,7977031420262027756-242ac117-0001-012
242,1322572918304468500-242ac114-0001-012
243,2759902282436121066-242ac113-0001-012
244,6018434869516308971-242ac118-0001-012
245,7224632860802477590-242ac113-0001-012
246,6298251364728237590-242ac113-0001-012
247,6664463717083714026-242ac113-0001-012
248,7342720000968814100-242ac117-0001-012
249,2700631733751321066-242ac113-0001-012
250,6945342751135231510-242ac113-0001-012
251,9103103198079554026-242ac113-0001-012
252,3095537201773997590-242ac113-0001-012
253,5263960781204034026-242ac113-0001-012
254,7343020648679534100-242ac117-0001-012
255,5974969800480788971-242ac118-0001-012
256,72610369830317590-242ac113-0001-012
257,8988802291226111510-242ac113-0001-012
258,6275898025814594026-242ac113-0001-012
259,8168592386708991510-242ac113-0001-012
260,8105842914514431510-242ac113-0001-012
261,5050984966587027946-242ac113-0001-012
262,5989810254228034026-242ac113-0001-012
263,5959121375453516267-242ac118-0001-012
264,6888379871198637590-242ac113-0001-012
265,6326192092850754026-242ac113-0001-012
266,8831618315299394026-242ac113-0001-012
267,2131055364397339116-242ac114-0001-012
268,578592571589267946-242ac113-0001-012
269,6520668212013634026-242ac113-0001-012
270,6038062870059028971-242ac118-0001-012
271,2140847889832219116-242ac114-0001-012
272,1288531829164994070-242ac113-0001-012
273,6008985317342637590-242ac113-0001-012
274,7348499717619117590-242ac113-0001-012
275,9177824015438320106-242ac113-0001-012
276,3752624248389037590-242ac113-0001-012
277,97993626549677590-242ac113-0001-012
278,3289901246762521066-242ac113-0001-012
279,7347916911396974100-242ac117-0001-012
280,7079892462927277590-242ac113-0001-012
281,4086495497005634026-242ac113-0001-012
282,2541220827169427946-242ac113-0001-012
283,5653986761353794026-242ac113-0001-012
284,2459151897525677590-242ac113-0001-012
285,3258038435470053867-242ac117-0001-012
286,5921754531560877590-242ac113-0001-012
287,275977071295917590-242ac113-0001-012
288,9192051970779714026-242ac113-0001-012
289,4849515946114477590-242ac113-0001-012
290,5508516219038274026-242ac113-0001-012
291,7731677122046202346-242ac113-0001-012
292,786597837734547946-242ac113-0001-012
293,3325853627723616746-242ac113-0001-012
294,6044977767405588971-242ac118-0001-012
295,8951006579021311510-242ac113-0001-012
296,4001154496834114026-242ac113-0001-012
297,5482961163627074026-242ac113-0001-012
298,3079680877068947946-242ac113-0001-012
299,4007530557406637590-242ac113-0001-012
300,5628053951953834476-242ac114-0001-012
301,7905970330904826346-242ac113-0001-012
302,2544493997249064470-242ac113-0001-012
303,5618596230834754026-242ac113-0001-012
304,8663790502346157590-242ac113-0001-012
305,7337222442829934100-242ac117-0001-012
306,5219894416747074026-242ac113-0001-012
307,3811703489407554026-242ac113-0001-012
308,400222579786387946-242ac113-0001-012
309,5987768807317836267-242ac118-0001-012
310,5974583253424148971-242ac118-0001-012
311,8863463531937197590-242ac113-0001-012
312,7261022847391231510-242ac113-0001-012
313,9133457003270640106-242ac113-0001-012
314,6898281736677954026-242ac113-0001-012
315,6990108137466434026-242ac113-0001-012
316,7417543287059321322-242ac113-0001-012
317,6944839182166594026-242ac113-0001-012
318,7347702163032174100-242ac117-0001-012
319,3453343031820947946-242ac113-0001-012
320,8950288261687874026-242ac113-0001-012
321,8798738374786477590-242ac113-0001-012
322,6688128986884674026-242ac113-0001-012
323,338847497126547946-242ac113-0001-012
324,3564934177553837590-242ac113-0001-012
325,6705308856068674026-242ac113-0001-012
326,2138528607492379116-242ac114-0001-012
327,7899954009451074026-242ac113-0001-012
328,2856342577676947946-242ac113-0001-012
329,7364145012168191510-242ac113-0001-012
330,8476885139215871510-242ac113-0001-012
331,3631076673912237590-242ac113-0001-012
332,3127723281665561066-242ac113-0001-012
333,3238238631940526571-242ac117-0001-012
334,8685105153725951510-242ac113-0001-012
335,6018907315918868971-242ac118-0001-012
336,8664243439774274026-242ac113-0001-012
337,4343139301916077590-242ac113-0001-012
338,2434348980447669780-242ac117-0001-012
339,4573974285101634026-242ac113-0001-012
340,2735510372888416746-242ac113-0001-012
341,3242877196620206571-242ac117-0001-012
342,2444012656863669780-242ac117-0001-012
343,1882381838897704470-242ac113-0001-012
344,4189285677990547946-242ac113-0001-012
345,1160646539543187946-242ac113-0001-012
346,8326045887780351510-242ac113-0001-012
347,3264953328521646571-242ac117-0001-012
348,3784132544198602260-242ac117-0001-012
349,5946966613710868971-242ac118-0001-012
350,3787043711274521066-242ac113-0001-012
351,7844396641615277590-242ac113-0001-012
352,7984026028408237590-242ac113-0001-012
353,2714891025174041066-242ac113-0001-012
354,5015988878507437590-242ac113-0001-012
355,2434907326196149780-242ac117-0001-012
356,2731984995012121066-242ac113-0001-012
357,8014761852512506346-242ac113-0001-012
358,8977850338136560106-242ac113-0001-012
359,4103288819132994026-242ac113-0001-012
360,602257841390227946-242ac113-0001-012
361,6759112969180671510-242ac113-0001-012
362,3831350998924717590-242ac113-0001-012
363,4209815621665427946-242ac113-0001-012
364,2120661543541019116-242ac114-0001-012
365,4945930066526867946-242ac113-0001-012
366,5584279442139714026-242ac113-0001-012
367,1466456106401197590-242ac113-0001-012
368,3481499737837081066-242ac113-0001-012
369,8514520879835714026-242ac113-0001-012
370,3115228431527776746-242ac113-0001-012
371,649030035243667946-242ac113-0001-012
372,2779916830035481066-242ac113-0001-012
373,8645259684325954026-242ac113-0001-012
374,945339828994707946-242ac113-0001-012
375,6232604755470914026-242ac113-0001-012
376,5833988840729154026-242ac113-0001-012
377,5371936259025474026-242ac113-0001-012
378,9168773248035394026-242ac113-0001-012
379,6029944757747117590-242ac113-0001-012
380,9115332027766271510-242ac113-0001-012
381,684678263800467946-242ac113-0001-012
382,2648981556626067946-242ac113-0001-012
383,2597063297400237590-242ac113-0001-012
384,7985037311584834026-242ac113-0001-012
385,4592325409047187946-242ac113-0001-012
386,1905059266220584470-242ac113-0001-012
387,2584557047186067946-242ac113-0001-012
388,2143467819882779116-242ac114-0001-012
389,3777604193908682260-242ac117-0001-012
390,8460638549245357590-242ac113-0001-012
391,2122766077516059116-242ac114-0001-012
392,9136849813919231510-242ac113-0001-012
393,840266092481474070-242ac113-0001-012
394,7208120677411394026-242ac113-0001-012
395,5815305732991554026-242ac113-0001-012
396,8053303850892717590-242ac113-0001-012
397,7752554099091706346-242ac113-0001-012
398,2618366335188397590-242ac113-0001-012
399,4354114909219394026-242ac113-0001-012
400,8677324260969353706-242ac116-0001-012
401,8908443666633200106-242ac113-0001-012
402,5358684319055277590-242ac113-0001-012
403,4114260494712237590-242ac113-0001-012
404,5860078801190317590-242ac113-0001-012
405,2121305788635419116-242ac114-0001-012
406,1323519594790317590-242ac113-0001-012
407,3475598857797037590-242ac113-0001-012
408,2287955600658984470-242ac113-0001-012
409,8048348496767226346-242ac113-0001-012
410,8213318190606586346-242ac113-0001-012
411,2184360989479464470-242ac113-0001-012
412,2329015488008744470-242ac113-0001-012
413,2973405106720281066-242ac113-0001-012
414,1814521355620904470-242ac113-0001-012
415,5955685397321748971-242ac118-0001-012
416,8595805781691273706-242ac116-0001-012
417,2267382707311144470-242ac113-0001-012
418,2946346812755481066-242ac113-0001-012
419,8873475417377673706-242ac116-0001-012
420,
421,8785772185193353706-242ac116-0001-012
422,9094759347933680106-242ac113-0001-012
423,1361358256668077590-242ac113-0001-012
424,2697867279389224470-242ac113-0001-012
425,4300275528301997590-242ac113-0001-012
426,7149752003111162346-242ac113-0001-012
427,6405496698109357590-242ac113-0001-012
428,7371801881061954026-242ac113-0001-012
429,8268095165365677590-242ac113-0001-012
430,9040716832243117590-242ac113-0001-012
431,7976558973859467756-242ac117-0001-012
432,5982700741613588971-242ac118-0001-012
433,2140332493756699116-242ac114-0001-012
434,2133975942158619116-242ac114-0001-012
435,7751777637739074026-242ac113-0001-012
436,4375566305000877590-242ac113-0001-012
437,3008349365665197590-242ac113-0001-012
438,2812347337813856746-242ac113-0001-012
439,3169918139957907946-242ac113-0001-012
440,5988111776284077590-242ac113-0001-012
441,7829118171633151510-242ac113-0001-012
442,7619168556613037590-242ac113-0001-012
443,2879793099113107946-242ac113-0001-012
444,5979178868430868971-242ac118-0001-012
445,7871825340901626346-242ac113-0001-012
446,7203286873341357590-242ac113-0001-012
447,6591320424032834026-242ac113-0001-012
448,8500078176129520106-242ac113-0001-012
449,8725821657207280106-242ac113-0001-012
450,253428492991917590-242ac113-0001-012
451,5939794018326548971-242ac118-0001-012
452,2745213494283801066-242ac113-0001-012
453,7122799186214317590-242ac113-0001-012
454,8344846230945197590-242ac113-0001-012
455,8392520367930797590-242ac113-0001-012
456,5638576621829034476-242ac114-0001-012
457,4375417947007554026-242ac113-0001-012
458,3997987834626707946-242ac113-0001-012
459,5988799595173908971-242ac118-0001-012
460,5164981294005677590-242ac113-0001-012
461,8368921419753722346-242ac113-0001-012
462,3663692250533401066-242ac113-0001-012
463,1259267983594024470-242ac113-0001-012
464,3434813443329561066-242ac113-0001-012
465,3267830956609966571-242ac117-0001-012
466,8134392833441197590-242ac113-0001-012
467,7488281394129474026-242ac113-0001-012
468,6140626060670070294-242ac113-0001-012
469,2262657143733677590-242ac113-0001-012
470,1116923772469907946-242ac113-0001-012
471,1385101530432147946-242ac113-0001-012
472,2438643947743669780-242ac117-0001-012
473,7690636812418477590-242ac113-0001-012
474,7413912069537197590-242ac113-0001-012
475,3149928262585881066-242ac113-0001-012
476,4763007409390227946-242ac113-0001-012
477,2141148537542939116-242ac114-0001-012
478,3755389802303001066-242ac113-0001-012
479,8665906649912831510-242ac113-0001-012
480,5235613997050434026-242ac113-0001-012
481,1141877532459667946-242ac113-0001-012
482,4145121800596034026-242ac113-0001-012
483,4646356097630867946-242ac113-0001-012
484,4609255475576237590-242ac113-0001-012
485,3099419447184921066-242ac113-0001-012
486,2121219889289499116-242ac114-0001-012
487,2131742559164699116-242ac114-0001-012
488,6383205817843117590-242ac113-0001-012
489,411499507321794070-242ac113-0001-012
490,5071889843726914026-242ac113-0001-012
491,7344480937560174100-242ac117-0001-012
492,6038105819731988971-242ac118-0001-012
493,3775886206990282260-242ac117-0001-012
494,5985707218720788971-242ac118-0001-012
495,5986566212179988971-242ac118-0001-012
496,2803109653433881066-242ac113-0001-012
497,7976387175167627756-242ac117-0001-012
498,5559884027898434026-242ac113-0001-012
499,7525323521195437590-242ac113-0001-012
500,7568382534199874026-242ac113-0001-012
501,507046311820717590-242ac113-0001-012
502,5327374007467437590-242ac113-0001-012
503,9219473371102637590-242ac113-0001-012
504,1772292832166547946-242ac113-0001-012
505,10290394365357590-242ac113-0001-012
506,8311130737671597590-242ac113-0001-012
507,5966402682464834026-242ac113-0001-012
508,8701340343620080106-242ac113-0001-012
509,4550234729546387946-242ac113-0001-012
510,1213818234667667946-242ac113-0001-012
511,5981154557681996267-242ac118-0001-012
512,3372407568518681066-242ac113-0001-012
513,6367939174967874026-242ac113-0001-012
514,7036064287533634026-242ac113-0001-012
515,3776143905028042260-242ac117-0001-012
516,3173124590677856746-242ac113-0001-012
517,8196138321422586346-242ac113-0001-012
518,3025420665368416746-242ac113-0001-012
519,2825404038393696746-242ac113-0001-012
520,5639993961036714476-242ac114-0001-012
521,5116944050661954026-242ac113-0001-012
522,2037507062694547946-242ac113-0001-012
523,3010900171214361066-242ac113-0001-012
524,8087749488606637590-242ac113-0001-012
525,3400500159328096746-242ac113-0001-012
526,8321805697264194026-242ac113-0001-012
527,5986523266801996267-242ac118-0001-012
528,2127447591868699116-242ac114-0001-012
529,7941829940587074026-242ac113-0001-012
530,8906081221105151510-242ac113-0001-012
531,6618655925009837590-242ac113-0001-012
532,9051938523992560106-242ac113-0001-012
533,7162925794350591510-242ac113-0001-012
534,5270809288179117590-242ac113-0001-012
535,5924011355253314026-242ac113-0001-012
536,8563612356028994026-242ac113-0001-012
537,7279577106109951510-242ac113-0001-012
538,7444589749622271510-242ac113-0001-012
539,958506542140354070-242ac113-0001-012
540,161043746454957590-242ac113-0001-012
541,8504146567953837590-242ac113-0001-012
542,5715424302661037590-242ac113-0001-012
543,1060359053181587946-242ac113-0001-012
544,328117974269357590-242ac113-0001-012
545,3244122737136046571-242ac117-0001-012
546,6018606672503116267-242ac118-0001-012
547,6948938905777270294-242ac113-0001-012
548,1947699296535187946-242ac113-0001-012
549,4123045668694594026-242ac113-0001-012
550,7368881234553082346-242ac113-0001-012
551,7300825580633517590-242ac113-0001-012
552,6018348970170388971-242ac118-0001-012
553,4742895348853314026-242ac113-0001-012
554,853384579187347946-242ac113-0001-012
555,4281744710281794026-242ac113-0001-012
556,2922828671419027946-242ac113-0001-012
557,5633628616370754026-242ac113-0001-012
558,7098758982948351510-242ac113-0001-012
559,8864334138988031510-242ac113-0001-012
560,7591059961522754026-242ac113-0001-012
561,8907295639054914026-242ac113-0001-012
562,3265253976232366571-242ac117-0001-012
563,3679609804357037590-242ac113-0001-012
564,2750242110713696746-242ac113-0001-012
565,9156348965443071510-242ac113-0001-012
566,5602318304782914026-242ac113-0001-012
567,1334678614377107946-242ac113-0001-012
568,3583977657519641066-242ac113-0001-012
569,7887045666864557590-242ac113-0001-012
570,942658112818114070-242ac113-0001-012
571,6921763380680191510-242ac113-0001-012
572,8418055914367554026-242ac113-0001-012
573,1867992598904237590-242ac113-0001-012
574,7712478618233082346-242ac113-0001-012
575,6018606676798083563-242ac118-0001-012
576,8181766322716077590-242ac113-0001-012
577,4228506624785837590-242ac113-0001-012
578,6687289502399917590-242ac113-0001-012
579,1634982727713427946-242ac113-0001-012
580,2429710415767989780-242ac117-0001-012
581,6037504524310548971-242ac118-0001-012
582,2867705961565721066-242ac113-0001-012
583,6775059124955714026-242ac113-0001-012
584,5533985375103554026-242ac113-0001-012
585,1329892364225474070-242ac113-0001-012
586,8746523399574000106-242ac113-0001-012
587,3852482238021037590-242ac113-0001-012
588,6992157894661631510-242ac113-0001-012
589,8260559463623234026-242ac113-0001-012
590,4256232604543554026-242ac113-0001-012
591,8338083627611001322-242ac113-0001-012
592,7341861007509614100-242ac117-0001-012
593,1323474861436628500-242ac114-0001-012
594,5955685401616716267-242ac118-0001-012
595,1126252846436904470-242ac113-0001-012
596,8030524382488826346-242ac113-0001-012
597,2756578382773677590-242ac113-0001-012
598,8630645181927920106-242ac113-0001-012
599,3373155992404627946-242ac113-0001-012
600,2434864376523189780-242ac117-0001-012
601,5639607413980074476-242ac114-0001-012
602,3822323672220307946-242ac113-0001-012
603,7107489593666114026-242ac113-0001-012
604,8243422544112194026-242ac113-0001-012
605,7333228123244654100-242ac117-0001-012
606,4122756634575507946-242ac113-0001-012
607,6018692567554068971-242ac118-0001-012
608,5646780009364394476-242ac114-0001-012
609,8755511499109241322-242ac113-0001-012
610,7712982255949311510-242ac113-0001-012
611,9106343932525997590-242ac113-0001-012
612,2624672041730707946-242ac113-0001-012
613,3829699402377794026-242ac113-0001-012
614,4069315627821634026-242ac113-0001-012
615,6819070712632831510-242ac113-0001-012
616,8585805723357680106-242ac113-0001-012
617,4746085238243987946-242ac113-0001-012
618,857832508722114070-242ac113-0001-012
619,4903441226377794026-242ac113-0001-012
620,311109903777197590-242ac113-0001-012
621,7968372769728762346-242ac113-0001-012
622,8275076384336122346-242ac113-0001-012
623,5954568081702317590-242ac113-0001-012
624,9134218270277037590-242ac113-0001-012
625,4796344250989997590-242ac113-0001-012
626,8093571135154754026-242ac113-0001-012
627,4523699722744950294-242ac113-0001-012
628,2431299553667509780-242ac117-0001-012
629,8107572659792122346-242ac113-0001-012
630,2429409768057269780-242ac117-0001-012
631,8997091791622640106-242ac113-0001-012
632,3775843257317322260-242ac117-0001-012
633,6018649617881108971-242ac118-0001-012
634,5968613248882708971-242ac118-0001-012
635,7426679735997951510-242ac113-0001-012
636,7783419719603711510-242ac113-0001-012
637,5601736518335917590-242ac113-0001-012
638,2247238211141037590-242ac113-0001-012
639,5982357144229908971-242ac118-0001-012
640,2729563038481837590-242ac113-0001-012
641,1659772584394157590-242ac113-0001-012
642,6494660219174317590-242ac113-0001-012
643,8064755271837946346-242ac113-0001-012
644,5974712102443028971-242ac118-0001-012
645,5480876138626477590-242ac113-0001-012
646,4570815518277037590-242ac113-0001-012
647,8118141715327226346-242ac113-0001-012
648,7905482690156031510-242ac113-0001-012
649,214808841618067946-242ac113-0001-012
650,8546690184882754026-242ac113-0001-012
651,8709918451105197590-242ac113-0001-012
652,6336175925951917590-242ac113-0001-012
653,8531400101308994026-242ac113-0001-012
654,6018606681093050859-242ac118-0001-012
655,8110879853357634026-242ac113-0001-012
656,7757509453217197590-242ac113-0001-012
657,3542815095979437590-242ac113-0001-012
658,6038105824026956267-242ac118-0001-012
659,8100489399740666346-242ac113-0001-012
660,2469933364990504470-242ac113-0001-012
661,7214293603210751510-242ac113-0001-012
662,5940008142568877590-242ac113-0001-012
663,1488275639816744470-242ac113-0001-012
664,5164832936012354026-242ac113-0001-012
665,790342354664877590-242ac113-0001-012
666,2434005383063989780-242ac117-0001-012
667,3207913825775456746-242ac113-0001-012
668,5986695061198868971-242ac118-0001-012
669,7975184584324747756-242ac117-0001-012
670,6824708946897474026-242ac113-0001-012
671,6648560510981631510-242ac113-0001-012
672,8821298780197360106-242ac113-0001-012
673,5985621319374868971-242ac118-0001-012
674,8539076479177200106-242ac113-0001-012
675,8730116410988031510-242ac113-0001-012
676,388263734250434070-242ac113-0001-012
677,8443052555282682346-242ac113-0001-012
678,81578956096147946-242ac113-0001-012
679,3892534773918274026-242ac113-0001-012
680,5982571892594708971-242ac118-0001-012
681,5987768803022868971-242ac118-0001-012
682,5979178872725836267-242ac118-0001-012
683,6018220121151508971-242ac118-0001-012
684,3215898960252441066-242ac113-0001-012
685,5559559939489197590-242ac113-0001-012
686,4965179415395757590-242ac113-0001-012
687,6406808628996674026-242ac113-0001-012
688,6018907320213836267-242ac118-0001-012
689,2432845741894069780-242ac117-0001-012
690,3530895366434656746-242ac113-0001-012
691,5986394413488148971-242ac118-0001-012
692,601879189716397590-242ac113-0001-012
693,8583583953955394026-242ac113-0001-012
694,385498737343917590-242ac113-0001-012
695,8392801506667074026-242ac113-0001-012
696,4228241031365267946-242ac113-0001-012
697,5099783690452397590-242ac113-0001-012
698,4285414941457837590-242ac113-0001-012
699,8869843524233794026-242ac113-0001-012
700,4668260430840467946-242ac113-0001-012
701,9155232487461360106-242ac113-0001-012
702,3031499239390637590-242ac113-0001-012
703,2139645298989339116-242ac114-0001-012
704,2432029698107829780-242ac117-0001-012
705,727222553250754070-242ac113-0001-012
706,8794927467484671510-242ac113-0001-012
707,315568774382227946-242ac113-0001-012
708,8928770475534914026-242ac113-0001-012
709,5709864285874754026-242ac113-0001-012
710,2539210087923117590-242ac113-0001-012
711,7596963575692717590-242ac113-0001-012
712,3846203690386067946-242ac113-0001-012
713,2223401142648237590-242ac113-0001-012
714,7012399017732674026-242ac113-0001-012
715,3608227447897517590-242ac113-0001-012
716,3784347292563402260-242ac117-0001-012
717,7997882631039226346-242ac113-0001-012
718,2758769915646504470-242ac113-0001-012
719,9200286694396400106-242ac113-0001-012
720,8238815101998591510-242ac113-0001-012
721,7144660569750957590-242ac113-0001-012
722,3054047817694637590-242ac113-0001-012
723,3222132504580526571-242ac117-0001-012
724,6032201581439554026-242ac113-0001-012
725,1488489288629677590-242ac113-0001-012
726,8751505348122111510-242ac113-0001-012
727,529981437181357590-242ac113-0001-012
728,5958563025410068971-242ac118-0001-012
729,1315145508114984470-242ac113-0001-012
730,4586148551523757590-242ac113-0001-012
731,5730007682492994026-242ac113-0001-012
732,813363379371437590-242ac113-0001-012
733,4638957140290114026-242ac113-0001-012
734,4165136348195394026-242ac113-0001-012
735,7265973886888514026-242ac113-0001-012
736,8843835531394477590-242ac113-0001-012
737,8156964783696122346-242ac113-0001-012
738,4680294234652077590-242ac113-0001-012
739,3243435542368686571-242ac117-0001-012
740,5692512617998914026-242ac113-0001-012
741,7801404018982317590-242ac113-0001-012
742,5636600936872874476-242ac114-0001-012
743,3175998714072601066-242ac113-0001-012
744,5637814243622317590-242ac113-0001-012
745,7061834091309634026-242ac113-0001-012
746,8123752928138751510-242ac113-0001-012
747,4786489266907714026-242ac113-0001-012
748,8443568020105794026-242ac113-0001-012
749,4829243700477357590-242ac113-0001-012
750,8545335304322477590-242ac113-0001-012
751,4534589434997314026-242ac113-0001-012
752,8772980184602111510-242ac113-0001-012
753,4035557184875074026-242ac113-0001-012
754,5986738010871828971-242ac118-0001-012
755,2648490830777881066-242ac113-0001-012
756,1927049498776104470-242ac113-0001-012
757,4479891060620717590-242ac113-0001-012
758,5417052924607917590-242ac113-0001-012
759,8765335356330480106-242ac113-0001-012
760,7036567856502271510-242ac113-0001-012
761,957244783787437590-242ac113-0001-012
762,3278022466798227946-242ac113-0001-012
763,5636729790186721772-242ac114-0001-012
764,2140504292448539116-242ac114-0001-012
765,9017289751505474026-242ac113-0001-012
766,6727599736334914026-242ac113-0001-012
767,8073415911429631510-242ac113-0001-012
768,5208575212060077590-242ac113-0001-012
769,8852405957012034026-242ac113-0001-012
770,4443934288970387946-242ac113-0001-012
771,8084723433777402346-242ac113-0001-012
772,8995147229232557590-242ac113-0001-012
773,1276920299180584470-242ac113-0001-012
774,6045493163481108971-242ac118-0001-012
775,2400569643160104470-242ac113-0001-012
776,8408724008228351510-242ac113-0001-012
777,4147933038312877590-242ac113-0001-012
778,9060110575446594026-242ac113-0001-012
779,6045450213808148971-242ac118-0001-012
780,482564998233517590-242ac113-0001-012
781,5981154553387028971-242ac118-0001-012
782,6031534519769108971-242ac118-0001-012
783,2203087046890024470-242ac113-0001-012
784,8057524532434431510-242ac113-0001-012
785,5944670147947074026-242ac113-0001-012
786,4809939788343874026-242ac113-0001-012
787,7786398441384186346-242ac113-0001-012
788,6429204917583277590-242ac113-0001-012
789,4189894868794797590-242ac113-0001-012
790,7139174625203711510-242ac113-0001-012
791,3267444409553326571-242ac117-0001-012
792,3635860862455321066-242ac113-0001-012
793,3782028010223562260-242ac117-0001-012
794,7975227533997707756-242ac117-0001-012
795,7182756929666477590-242ac113-0001-012
796,346473702460354070-242ac113-0001-012
797,5115718019120557590-242ac113-0001-012
798,292813343096237590-242ac113-0001-012
799,2429452717730229780-242ac117-0001-012
800,2140418393102619116-242ac114-0001-012
801,792720804514754070-242ac113-0001-012
802,416071009108627946-242ac113-0001-012
803,5305942120660397590-242ac113-0001-012
804,5402063488744877590-242ac113-0001-012
805,7412002706204922346-242ac113-0001-012
806,8271199155410431510-242ac113-0001-012
807,3457688844172717590-242ac113-0001-012
808,1322701767323348500-242ac114-0001-012
809,3032976303115801066-242ac113-0001-012
810,5625734669613994476-242ac114-0001-012
811,7342677051295854100-242ac117-0001-012
812,4993120143518274026-242ac113-0001-012
813,1121870880243117590-242ac113-0001-012
814,3694118898434707946-242ac113-0001-012
815,3395755415764397590-242ac113-0001-012
816,5986523271096963563-242ac118-0001-012
817,1322615867977428500-242ac114-0001-012
818,9111982166790640106-242ac113-0001-012
819,7590446838994431510-242ac113-0001-012
820,1309018823166914070-242ac113-0001-012
821,6049272110579117590-242ac113-0001-012
822,8481395068391920106-242ac113-0001-012
823,8146344456115711510-242ac113-0001-012
824,7194966250378751510-242ac113-0001-012
825,7313905721911874026-242ac113-0001-012
826,7923794445183226346-242ac113-0001-012
827,1745028784771624470-242ac113-0001-012
828,2720587656385064470-242ac113-0001-012
829,5959164320831508971-242ac118-0001-012
830,6034798694914068971-242ac118-0001-012
831,1710196600001064470-242ac113-0001-012
832,2740258606600744470-242ac113-0001-012
833,8434100262996873706-242ac116-0001-012
834,8700817732078473706-242ac116-0001-012
835,8743552656673673706-242ac116-0001-012
836,8806130330176393706-242ac116-0001-012
837,8766273033669513706-242ac116-0001-012
838,8722593216269193706-242ac116-0001-012
839,976330656418754070-242ac113-0001-012
840,4944563572374957590-242ac113-0001-012
841,9096090574280191510-242ac113-0001-012
842,530617786892947946-242ac113-0001-012
843,4573599351636627946-242ac113-0001-012
844,5939665169307668971-242ac118-0001-012
845,5993652908218388971-242ac118-0001-012
846,7350842440657474026-242ac113-0001-012
847,6641743340087874026-242ac113-0001-012
848,5982443043575828971-242ac118-0001-012
849,4512899850152514026-242ac113-0001-012
850,2008687832138387946-242ac113-0001-012
851,8640726527966637590-242ac113-0001-012
852,4919160806681154026-242ac113-0001-012
853,872590978383277590-242ac113-0001-012
854,6543560387701314026-242ac113-0001-012
855,124450625093037590-242ac113-0001-012
856,33740915801517590-242ac113-0001-012
857,8430542442092031510-242ac113-0001-012
858,5641110652533674476-242ac114-0001-012
859,8728152553138754026-242ac113-0001-012
860,4395194305543597590-242ac113-0001-012
861,3077686912667161066-242ac113-0001-012
862,8877636924013997590-242ac113-0001-012
863,8370252928363074026-242ac113-0001-012
864,3309790450036576746-242ac113-0001-012
865,5900818531854914026-242ac113-0001-012
866,7794727310699074026-242ac113-0001-012
867,5894653287923117590-242ac113-0001-012
868,6538855432650157590-242ac113-0001-012
869,9055030686930431510-242ac113-0001-012
870,1458115974464147946-242ac113-0001-012
871,1494752045499027946-242ac113-0001-012
872,1314191620375187946-242ac113-0001-012
873,7681597803374842346-242ac113-0001-012
874,1450565826957864470-242ac113-0001-012
875,8952166433706480106-242ac113-0001-012
876,5986394417783116267-242ac118-0001-012
877,2808246839344557590-242ac113-0001-012
878,4128691580531830294-242ac113-0001-012
879,5457898063592877590-242ac113-0001-012
880,1056630327016877590-242ac113-0001-012
881,3264652680810926571-242ac117-0001-012
882,2780157753228717590-242ac113-0001-012
883,3549191927115616746-242ac113-0001-012
884,7945168187971071510-242ac113-0001-012
885,8776791091903917590-242ac113-0001-012
886,8966640259978751510-242ac113-0001-012
887,7320980590843391510-242ac113-0001-012
888,140806555107987946-242ac113-0001-012
889,6708979087244717590-242ac113-0001-012
890,7950462756104442346-242ac113-0001-012
891,3520781913750957590-242ac113-0001-012
892,5181841006504514026-242ac113-0001-012
893,3245196478960046571-242ac117-0001-012
894,3268604050723246571-242ac117-0001-012
895,2120704493213979116-242ac114-0001-012
896,6026853005416468971-242ac118-0001-012
897,1992762498404904470-242ac113-0001-012
898,7575145141829037590-242ac113-0001-012
899,9081112965524034026-242ac113-0001-012
900,9201360222705151510-242ac113-0001-012
901,8781398534017520106-242ac113-0001-012
902,8542082742769151510-242ac113-0001-012
903,2433962433391029780-242ac117-0001-012
904,6797595876152831510-242ac113-0001-012
905,1891571969359277590-242ac113-0001-012
906,3898094790704557590-242ac113-0001-012
907,3293727272349536746-242ac113-0001-012
908,2669106673798681066-242ac113-0001-012
909,2959875959737881066-242ac113-0001-012
910,4781483664145837590-242ac113-0001-012
911,2315742939512237590-242ac113-0001-012
912,3421287801040736746-242ac113-0001-012
913,8809456288347001322-242ac113-0001-012
914,4707387582907027946-242ac113-0001-012
915,8008507341995437590-242ac113-0001-012
916,4868585600908717590-242ac113-0001-012
917,1322487018958548500-242ac114-0001-012
918,7340393843021311510-242ac113-0001-012
919,7654496628484674026-242ac113-0001-012
920,7243811855641154026-242ac113-0001-012
921,3914696805165634026-242ac113-0001-012
922,8606604909914362346-242ac113-0001-012
923,4803680749683347946-242ac113-0001-012
924,5639092022199521772-242ac114-0001-012
925,1009988081734184470-242ac113-0001-012
926,6774446002427391510-242ac113-0001-012
927,4825799831257747946-242ac113-0001-012
928,3258210229866926571-242ac117-0001-012
929,2806435057697427946-242ac113-0001-012
930,4689735267320467946-242ac113-0001-012
931,765818091404717590-242ac113-0001-012
932,6018520768862228971-242ac118-0001-012
933,3708059262701081066-242ac113-0001-012
934,7552319356512834026-242ac113-0001-012
935,8606163654825471510-242ac113-0001-012
936,8290557844323757590-242ac113-0001-012
937,1979103402851757590-242ac113-0001-012
938,4210362353822274026-242ac113-0001-012
939,4466568766620307946-242ac113-0001-012
940,3231879743287136746-242ac113-0001-012
941,5993695857891348971-242ac118-0001-012
942,6018134221805588971-242ac118-0001-012
943,7509560991219117590-242ac113-0001-012
944,7435023730911482346-242ac113-0001-012
945,6071777739210157590-242ac113-0001-012
946,2493125088837037590-242ac113-0001-012
947,2777667771748904470-242ac113-0001-012
948,8562569950286320106-242ac113-0001-012
949,4631460456496557590-242ac113-0001-012
950,7076682851046911510-242ac113-0001-012
951,4274755527180947946-242ac113-0001-012
952,8686510879341997590-242ac113-0001-012
953,4508917144158867946-242ac113-0001-012
954,2125772554623259116-242ac114-0001-012
955,6718138981176831510-242ac113-0001-012
956,1620130036252077590-242ac113-0001-012
957,8583474613910957590-242ac113-0001-012
958,9072425517994480106-242ac113-0001-012
959,7326466535390637590-242ac113-0001-012
960,3365046399597997590-242ac113-0001-012
961,2436560369548717590-242ac113-0001-012
962,771374817053634070-242ac113-0001-012
963,2351898668761747946-242ac113-0001-012
964,664027366489517590-242ac113-0001-012
965,3240085467877806571-242ac117-0001-012
966,2033305890127277590-242ac113-0001-012
967,4321492666744237590-242ac113-0001-012
968,4414931646130754026-242ac113-0001-012
969,5380073256189357590-242ac113-0001-012
970,7468481526147322346-242ac113-0001-012
971,5978663472355348971-242ac118-0001-012
972,8708309804231234026-242ac113-0001-012
973,1168401593895874070-242ac113-0001-012
974,7388325678044671510-242ac113-0001-012
975,4760524223741357590-242ac113-0001-012
976,6453752621541954026-242ac113-0001-012
977,3057003449746067946-242ac113-0001-012
978,7758262969608442346-242ac113-0001-012
979,891051442373267946-242ac113-0001-012
980,7187075337660994026-242ac113-0001-012
981,3103217297851027946-242ac113-0001-012
982,8932870203440557590-242ac113-0001-012
983,2517091006348717590-242ac113-0001-012
984,8281304155662914026-242ac113-0001-012
985,8052382398786114026-242ac113-0001-012
986,7856703688780354026-242ac113-0001-012
987,9033770598815231510-242ac113-0001-012
988,2328147499614867946-242ac113-0001-012
989,2431857895121022484-242ac117-0001-012
990,5957704031950868971-242ac118-0001-012
991,1146224444363304470-242ac113-0001-012
992,7330441346001474026-242ac113-0001-012
993,8475737256405242346-242ac113-0001-012
994,4723966156669587946-242ac113-0001-012
995,2888625956990816746-242ac113-0001-012
996,4894433408647827946-242ac113-0001-012
997,8206431048586751510-242ac113-0001-012
998,8830532746368511510-242ac113-0001-012
999,6979046630817197590-242ac113-0001-012
1000,6018606668208148971-242ac118-0001-012
1001,2423783360899509780-242ac117-0001-012
1002,4031195827207597590-242ac113-0001-012
1003,8709941823056122346-242ac113-0001-012
1004,8490211364940354026-242ac113-0001-012
1005,7676272112675394026-242ac113-0001-012
1006,3776487502411722260-242ac117-0001-012
1007,8909548531023277590-242ac113-0001-012
1008,434606431374274070-242ac113-0001-012
1009,7855074968447226346-242ac113-0001-012
1010,8416810305104122346-242ac113-0001-012
1011,8633233707149562346-242ac113-0001-012
1012,4866762205669954026-242ac113-0001-012
1013,4056536134253997590-242ac113-0001-012
1014,2059411395904147946-242ac113-0001-012
1015,2846188175412761066-242ac113-0001-012
1016,7052373336151551510-242ac113-0001-012
1017,4350733498647187946-242ac113-0001-012
1018,7396025496611394026-242ac113-0001-012
1019,8661666390649082346-242ac113-0001-012
1020,3935870993934914026-242ac113-0001-012
1021,4550886870023597590-242ac113-0001-012
1022,8597690955660717590-242ac113-0001-012
1023,2990971522960921066-242ac113-0001-012
1024,5972135122065428971-242ac118-0001-012
1025,6927635872284077590-242ac113-0001-012
1026,6174493847956034026-242ac113-0001-012
1027,7245678196257910294-242ac113-0001-012
1028,3986657016348077590-242ac113-0001-012
1029,6046008559556628971-242ac118-0001-012
1030,6038664165480468971-242ac118-0001-012
1031,6018177171478548971-242ac118-0001-012
1032,2139602349316379116-242ac114-0001-012
1033,577698523839917590-242ac113-0001-012
1034,7178817173345791510-242ac113-0001-012
1035,3675650539061907946-242ac113-0001-012
1036,8031337059035714026-242ac113-0001-012
1037,5977074334455828971-242ac118-0001-012
1038,5986609161852948971-242ac118-0001-012
1039,323152030043074070-242ac113-0001-012
1040,3586366064360877590-242ac113-0001-012
1041,6874702366222914026-242ac113-0001-012
1042,3922404305599917590-242ac113-0001-012
1043,4696810349767234026-242ac113-0001-012
1044,1935724233162157590-242ac113-0001-012
1045,7319746808686842346-242ac113-0001-012
1046,8328911902277037590-242ac113-0001-012
1047,5015282174765634026-242ac113-0001-012
1048,628328292876947946-242ac113-0001-012
1049,8459115732969722346-242ac113-0001-012
1050,4928758092725677590-242ac113-0001-012
1051,3517209195512467946-242ac113-0001-012
1052,7347616263686254100-242ac117-0001-012
1053,2152916747933979116-242ac114-0001-012
1054,5639092017904554476-242ac114-0001-012
1055,6967731357854274026-242ac113-0001-012
1056,8755144456732077590-242ac113-0001-012
1057,3149688843993747946-242ac113-0001-012
1058,3874944916979117590-242ac113-0001-012
1059,1512146663047827946-242ac113-0001-012
1060,3181436547693997590-242ac113-0001-012
1061,1888085150466707946-242ac113-0001-012
1062,2226108071596584470-242ac113-0001-012
1063,5986136719745356267-242ac118-0001-012
1064,2142737675442459116-242ac114-0001-012
1065,8519534164465151510-242ac113-0001-012
1066,8190239021880831510-242ac113-0001-012
1067,5534477330480557590-242ac113-0001-012
1068,5287301962595757590-242ac113-0001-012
1069,8615686868630957590-242ac113-0001-012
1070,3255590299816366571-242ac117-0001-012
1071,2633633748627296746-242ac113-0001-012
1072,3777518294562762260-242ac117-0001-012
1073,7173674970949882346-242ac113-0001-012
1074,2721379930484576746-242ac113-0001-012
1075,3250988843060761066-242ac113-0001-012
1076,6044977771700556267-242ac118-0001-012
1077,4939347152972354026-242ac113-0001-012
1078,7438932219898434026-242ac113-0001-012
1079,2201410910092717590-242ac113-0001-012
1080,7495172850777517590-242ac113-0001-012
1081,7701956017105474026-242ac113-0001-012
1082,3258038439765021163-242ac117-0001-012
1083,3938244839539347946-242ac113-0001-012
1084,8132182891145794026-242ac113-0001-012
1085,3540144320873107946-242ac113-0001-012
1086,1614719477010984470-242ac113-0001-012
1087,6219481664519597590-242ac113-0001-012
1088,8608697899045360106-242ac113-0001-012
1089,6582749998415277590-242ac113-0001-012
1090,3515991829917536746-242ac113-0001-012
1091,3566285896953696746-242ac113-0001-012
1092,7639022919112191510-242ac113-0001-012
1093,2829112485020307946-242ac113-0001-012
1094,5873564998499757590-242ac113-0001-012
1095,7479109673090477590-242ac113-0001-012
1096,4415552450526637590-242ac113-0001-012
1097,5033941841804717590-242ac113-0001-012
1098,4431229081157037590-242ac113-0001-012
1099,2434821426850229780-242ac117-0001-012
1100,1404686581301907946-242ac113-0001-012
1101,6038191719077908971-242ac118-0001-012
1102,6043431579179028971-242ac118-0001-012
1103,2930240685395481066-242ac113-0001-012
1104,2676392442909224470-242ac113-0001-012
1105,2056156215693864470-242ac113-0001-012
1106,6968664423552511510-242ac113-0001-012
1107,8368898047802797590-242ac113-0001-012
1108,7865367695611391510-242ac113-0001-012
1109,8684472666990842346-242ac113-0001-012
1110,5675848144890434026-242ac113-0001-012
1111,6908050821414317590-242ac113-0001-012
1112,7339584674842734100-242ac117-0001-012
1113,5633895107476394476-242ac114-0001-012
1114,3649647707475481066-242ac113-0001-012
1115,7712584095301037590-242ac113-0001-012
1116,1760360718466477590-242ac113-0001-012
1117,5636343238835114476-242ac114-0001-012
1118,6155553042180674026-242ac113-0001-012
1119,8370112252237311510-242ac113-0001-012
1120,7676775681644031510-242ac113-0001-012
1121,8386132480251391510-242ac113-0001-012
1122,8517043296948720106-242ac113-0001-012
1123,2434950275869109780-242ac117-0001-012
1124,8060328019536122346-242ac113-0001-012
1125,2949886965383827946-242ac113-0001-012
1126,4443493178649154026-242ac113-0001-012
1127,6731914208310390294-242ac113-0001-012
1128,2618085967015776746-242ac113-0001-012
1129,3310474140110361066-242ac113-0001-012
1130,2161168166081064470-242ac113-0001-012
1131,5940610062112788971-242ac118-0001-012
1132,2132172055894299116-242ac114-0001-012
1133,6092631771294274026-242ac113-0001-012
1134,1408645846597037590-242ac113-0001-012
1135,9210735078517314026-242ac113-0001-012
1136,919269377507987946-242ac113-0001-012
1137,3411835368295961066-242ac113-0001-012
1138,6796768218774957590-242ac113-0001-012
1139,2431857899415989780-242ac117-0001-012
1140,7340658416666734100-242ac117-0001-012
1141,577542942985154070-242ac113-0001-012
1142,4329161149229634026-242ac113-0001-012
1143,5035909631378067946-242ac113-0001-012
1144,3255203752759726571-242ac117-0001-012
1145,7117570939704831510-242ac113-0001-012
1146,7873946016611757590-242ac113-0001-012
1147,9062664115125677590-242ac113-0001-012
1148,3656803528015277590-242ac113-0001-012
1149,5639564464307114476-242ac114-0001-012
1150,3240300216242606571-242ac117-0001-012
1151,1322444069285588500-242ac114-0001-012
1152,8016991799519482346-242ac113-0001-012
1153,5959121371158548971-242ac118-0001-012
1154,1810518041100947946-242ac113-0001-012
1155,8393574532032762346-242ac113-0001-012
1156,6257062628359597590-242ac113-0001-012
1157,5150850851601837590-242ac113-0001-012
1158,3778085509071507946-242ac113-0001-012
1159,7047894956572077590-242ac113-0001-012
1160,3163054087667117590-242ac113-0001-012
1161,5987768811612803563-242ac118-0001-012
1162,9178854594074111510-242ac113-0001-012
1163,6752143508569517590-242ac113-0001-012
1164,3976844981938754026-242ac113-0001-012
1165,7964335569218114026-242ac113-0001-012
1166,379778535457427946-242ac113-0001-012
1167,8585891409188351510-242ac113-0001-012
1168,7660025309189631510-242ac113-0001-012
1169,7672941547158957590-242ac113-0001-012
1170,3810821055249837590-242ac113-0001-012
1171,3255289652105646571-242ac117-0001-012
1172,2203894095741587946-242ac113-0001-012
1173,6026681206724628971-242ac118-0001-012
1174,5986480312834068971-242ac118-0001-012
1175,7942391653574906346-242ac113-0001-012
1176,2141706883291419116-242ac114-0001-012
1177,6183232140541357590-242ac113-0001-012
1178,8224071750581677590-242ac113-0001-012
1179,3774769515493322260-242ac117-0001-012
1180,4593129839241794026-242ac113-0001-012
1181,6562477752778157590-242ac113-0001-012
1182,7976215376475787756-242ac117-0001-012
1183,3053506246790681066-242ac113-0001-012
1184,5974798001788948971-242ac118-0001-012
1185,1769338299666984470-242ac113-0001-012
1186,5972178071738388971-242ac118-0001-012
1187,5658086489259437590-242ac113-0001-012
1188,6864554416297471510-242ac113-0001-012
1189,6775851728043437590-242ac113-0001-012
1190,2138356808800539116-242ac114-0001-012
1191,8082063990040826346-242ac113-0001-012
1192,1472599009186344470-242ac113-0001-012
1193,7734027595699711510-242ac113-0001-012
1194,1149530469629357590-242ac113-0001-012
1195,7611461056178754026-242ac113-0001-012
1196,3313463842373037590-242ac113-0001-012
1197,7858335707605242346-242ac113-0001-012
1198,2839362682105696746-242ac113-0001-012
1199,295253579072147946-242ac113-0001-012
1200,3243993888117166571-242ac117-0001-012
1201,4617181656099394026-242ac113-0001-012
1202,6618894114073154026-242ac113-0001-012
1203,3498018587082157590-242ac113-0001-012
1204,3686627375894041066-242ac113-0001-012
1205,7126688097479234026-242ac113-0001-012
1206,6355331480092077590-242ac113-0001-012
1207,7535526034385474026-242ac113-0001-012
1208,9176523698142637590-242ac113-0001-012
1209,3794457229852077590-242ac113-0001-012
1210,4846286825259667946-242ac113-0001-012
1211,2122121832421659116-242ac114-0001-012
1212,5946923664037908971-242ac118-0001-012
1213,6164806730841517590-242ac113-0001-012
1214,4022941594616467946-242ac113-0001-012
1215,6885127309645311510-242ac113-0001-012
1216,7573911214904831510-242ac113-0001-012
1217,8088491246638591510-242ac113-0001-012
1218,5416303271193154026-242ac113-0001-012
1219,2924317135220576746-242ac113-0001-012
1220,5981970597173268971-242ac118-0001-012
1221,7409371017795071510-242ac113-0001-012
1222,1229588660026797590-242ac113-0001-012
1223,7127375223499002346-242ac113-0001-012
1224,5877797507148354026-242ac113-0001-012
1225,1323431911763668500-242ac114-0001-012
1226,4445574271925677590-242ac113-0001-012
1227,9199329974484397590-242ac113-0001-012
1228,8254878279685631510-242ac113-0001-012
1229,8929574692214271510-242ac113-0001-012
1230,8564072975324671510-242ac113-0001-012
1231,7468727465825791510-242ac113-0001-012
1232,5185468288007597590-242ac113-0001-012
1233,8353932052638274026-242ac113-0001-012
1234,4167510193799827946-242ac113-0001-012
1235,5994082404947988971-242ac118-0001-012
1236,1383863885299117590-242ac113-0001-012
1237,5626464814054314476-242ac114-0001-012
1238,7456732893478317590-242ac113-0001-012
1239,7889634260833791510-242ac113-0001-012
1240,6841318643226111510-242ac113-0001-012
1241,6901147537659391510-242ac113-0001-012
1242,8467018541541954026-242ac113-0001-012
1243,6517122898132397590-242ac113-0001-012
1244,7986271024993791510-242ac113-0001-012
1245,2120833342232859116-242ac114-0001-012
1246,8453606416471551510-242ac113-0001-012
1247,7300751294879231510-242ac113-0001-012
1248,7859471976824237590-242ac113-0001-012
1249,6566839110445634026-242ac113-0001-012
1250,1637653502819757590-242ac113-0001-012
1251,2431900849088949780-242ac117-0001-012
1252,3605194795961881066-242ac113-0001-012
1253,3463550279233376746-242ac113-0001-012
1254,5939278622251028971-242ac118-0001-012
1255,5994683700369428971-242ac118-0001-012
1256,3352307121573401066-242ac113-0001-012
1257,5349602429086274026-242ac113-0001-012
1258,4530306081292947946-242ac113-0001-012
1259,3236262946984366571-242ac117-0001-012
1260,3243950938444206571-242ac117-0001-012
1261,3620871426592281066-242ac113-0001-012
1262,7489686906230271510-242ac113-0001-012
1263,3730118619757997590-242ac113-0001-012
1264,4719315978398274026-242ac113-0001-012
1265,6235716640898477590-242ac113-0001-012
1266,4962411127351874026-242ac113-0001-012
1267,5771368217553474026-242ac113-0001-012
1268,4359631976332717590-242ac113-0001-012
1269,4397806340211347946-242ac113-0001-012
1270,6866174890278317590-242ac113-0001-012
1271,7803277662857466346-242ac113-0001-012
1272,4019622856206914026-242ac113-0001-012
1273,7993154731026682346-242ac113-0001-012
1274,2425243649780149780-242ac117-0001-012
1275,7979113623955706346-242ac113-0001-012
1276,3270058497855001066-242ac113-0001-012
1277,9221417719977471510-242ac113-0001-012
1278,7822750006443437590-242ac113-0001-012
1279,8929059509654000106-242ac113-0001-012
1280,8207430718171714026-242ac113-0001-012
1281,8136352376662266346-242ac113-0001-012
1282,2131141263743259116-242ac114-0001-012
1283,7820156884330746346-242ac113-0001-012
1284,1336792143286824470-242ac113-0001-012
1285,8677975721529840106-242ac113-0001-012
1286,1440034162147987946-242ac113-0001-012
1287,4910676280409517590-242ac113-0001-012
1288,8498274076349951510-242ac113-0001-012
1289,6921345711057474026-242ac113-0001-012
1290,1339797520842157590-242ac113-0001-012
1291,8706708839224831510-242ac113-0001-012
1292,5986136715450388971-242ac118-0001-012
1293,5986738015166796267-242ac118-0001-012
1294,9010835473454591510-242ac113-0001-012
1295,4187684926499394026-242ac113-0001-012
1296,6430860445854274026-242ac113-0001-012
1297,7343106543730486804-242ac117-0001-012
1298,4418636931596947946-242ac113-0001-012
1299,9084053052259757590-242ac113-0001-012
1300,3845977328429634026-242ac113-0001-012
1301,3073418120199597590-242ac113-0001-012
1302,2433962429096062484-242ac117-0001-012
1303,7837852149590266346-242ac113-0001-012
1304,5460197836958274026-242ac113-0001-012
1305,5750494676494914026-242ac113-0001-012
1306,4992186864304787946-242ac113-0001-012
1307,7025475222991990294-242ac113-0001-012
1308,3767637124950594026-242ac113-0001-012
1309,3866593171450434026-242ac113-0001-012
1310,4489148681005634026-242ac113-0001-012
1311,3439435233164717590-242ac113-0001-012
1312,3005449067442016746-242ac113-0001-012
1313,7064559429680557590-242ac113-0001-012
1314,4699535688138157590-242ac113-0001-012
1315,4168978378063277590-242ac113-0001-012
1316,1034546299732627946-242ac113-0001-012
1317,3282067631439277590-242ac113-0001-012
1318,7769433320564986346-242ac113-0001-012
1319,3503404071046681066-242ac113-0001-012
1320,8828507109788553706-242ac116-0001-012
1321,6802847563360834026-242ac113-0001-012
1322,6751866301557314026-242ac113-0001-012
1323,6305275602119234026-242ac113-0001-012
1324,7779327887080877590-242ac113-0001-012
1325,5325894209612354026-242ac113-0001-012
1326,3702158382661037590-242ac113-0001-012
1327,7341989852233526804-242ac117-0001-012
1328,6097032146910637590-242ac113-0001-012
1329,7551222173990317590-242ac113-0001-012
1330,8201523172277677590-242ac113-0001-012
1331,7487207583557882346-242ac113-0001-012
1332,7340314819283054100-242ac117-0001-012
1333,4251090257379987946-242ac113-0001-012
1334,4828064550332994026-242ac113-0001-012
1335,5036112766151234026-242ac113-0001-012
1336,6068708803455554026-242ac113-0001-012
1337,3333521339645357590-242ac113-0001-012
1338,6046051509229588971-242ac118-0001-012
1339,8845865779615231510-242ac113-0001-012
1340,7929479943749037590-242ac113-0001-012
1341,7435816402746797590-242ac113-0001-012
1342,7239462111565311510-242ac113-0001-012
1343,2797057254240096746-242ac113-0001-012
1344,3391606072331801066-242ac113-0001-012
1345,6046309207267348971-242ac118-0001-012
1346,3739240725270041066-242ac113-0001-012
1347,6037676323002388971-242ac118-0001-012
1348,3790314552273474026-242ac113-0001-012
1349,7640471594401197590-242ac113-0001-012
1350,4921749400650387946-242ac113-0001-012
1351,666897099195027946-242ac113-0001-012
1352,7976516024186507756-242ac117-0001-012
1353,3331777177898521066-242ac113-0001-012
1354,4051491513543234026-242ac113-0001-012
1355,4844084778347074026-242ac113-0001-012
1356,847379520355757590-242ac113-0001-012
1357,2939134772391776746-242ac113-0001-012
1358,6038664169775436267-242ac118-0001-012
1359,3966556569402797590-242ac113-0001-012
1360,8072373505686957590-242ac113-0001-012
1361,4243753758686637590-242ac113-0001-012
1362,6472197540216237590-242ac113-0001-012
1363,8075145725454914026-242ac113-0001-012
1364,5283717630765634026-242ac113-0001-012
1365,444718440972947946-242ac113-0001-012
1366,7833382016363074026-242ac113-0001-012
1367,7555528754877951510-242ac113-0001-012
1368,3431997044359827946-242ac113-0001-012
1369,3268131604320686571-242ac117-0001-012
1370,3493329177346707946-242ac113-0001-012
1371,2138399758473499116-242ac114-0001-012
1372,7977718615029387756-242ac117-0001-012
1373,5051789396781634026-242ac113-0001-012
1374,2747164509012627946-242ac113-0001-012
1375,5689310901501357590-242ac113-0001-012
1376,3752659302679187946-242ac113-0001-012
1377,8881127461115391510-242ac113-0001-012
1378,4393929256053314026-242ac113-0001-012
1379,3954897699056194026-242ac113-0001-012
1380,8953443096788397590-242ac113-0001-012
1381,7004043340479917590-242ac113-0001-012
1382,4099356958195117590-242ac113-0001-012
1383,7470886776580674026-242ac113-0001-012
1384,4982230435560877590-242ac113-0001-012
1385,3244938780922286571-242ac117-0001-012
1386,5965520872429588971-242ac118-0001-012
1387,7341388561107054100-242ac117-0001-012
1388,2140933789178139116-242ac114-0001-012
1389,1206395836628397590-242ac113-0001-012
1390,7341989856528494100-242ac117-0001-012
1391,2122508379478299116-242ac114-0001-012
1392,7877920827222594026-242ac113-0001-012
1393,6346722036525634026-242ac113-0001-012
1394,5225626232225197590-242ac113-0001-012
1395,7696747279570431510-242ac113-0001-012
1396,8731350333617270294-242ac113-0001-012
1397,4264756148764077590-242ac113-0001-012
1398,2145830051895579116-242ac114-0001-012
1399,3236146535662227946-242ac113-0001-012
1400,8031571316374957590-242ac113-0001-012
1401,4078698165501357590-242ac113-0001-012
1402,8227316416752194026-242ac113-0001-012
1403,7347959861069934100-242ac117-0001-012
1404,2160694620126637590-242ac113-0001-012
1405,2131484861126939116-242ac114-0001-012
1406,7735819868372397590-242ac113-0001-012
1407,9013412667347440106-242ac113-0001-012
1408,4671942489123394026-242ac113-0001-012
1409,7100808953658797590-242ac113-0001-012
1410,8974058939809197590-242ac113-0001-012
1411,7392007736327597590-242ac113-0001-012
1412,2434434879793589780-242ac117-0001-012
1413,6018177175773516267-242ac118-0001-012
1414,8308866018596351510-242ac113-0001-012
1415,8222365377254911510-242ac113-0001-012
1416,8778489569847874026-242ac113-0001-012
1417,4609333479539347946-242ac113-0001-012
1418,6500868412779074026-242ac113-0001-012
1419,8483101228203437590-242ac113-0001-012
1420,2121091040270619116-242ac114-0001-012
1421,365586306927554070-242ac113-0001-012
1422,8414940097215917590-242ac113-0001-012
1423,7518131416836674026-242ac113-0001-012
1424,935082752540077590-242ac113-0001-012
1425,837321401500307946-242ac113-0001-012
1426,7254420356114682346-242ac113-0001-012
1427,1297879739585064470-242ac113-0001-012
1428,3525050706218521066-242ac113-0001-012
1429,7454823598893634026-242ac113-0001-012
1430,7717850763340026346-242ac113-0001-012
1431,7921042298874434026-242ac113-0001-012
1432,7343106548025454100-242ac117-0001-012
1433,8550727385393402346-242ac113-0001-012
1434,6198994670517677590-242ac113-0001-012
1435,9038979336350274026-242ac113-0001-012
1436,4555849523112514026-242ac113-0001-012
1437,4999582103436717590-242ac113-0001-012
1438,8320216490617082346-242ac113-0001-012
1439,4462195795361197590-242ac113-0001-012
1440,5014563643916947946-242ac113-0001-012
1441,4886538564205997590-242ac113-0001-012
1442,4629992272233107946-242ac113-0001-012
1443,7620523368425722346-242ac113-0001-012
1444,5993781757237268971-242ac118-0001-012
1445,3347242564857696746-242ac113-0001-012
1446,3549016623730201066-242ac113-0001-012
1447,2602166413099667946-242ac113-0001-012
1448,4969681235673747946-242ac113-0001-012
1449,5344768625016237590-242ac113-0001-012
1450,1686178737881747946-242ac113-0001-012
1451,3781383765129162260-242ac117-0001-012
1452,3442547889155936746-242ac113-0001-012
1453,5993953555929108971-242ac118-0001-012
1454,2700892936482656746-242ac113-0001-012
1455,6277764370726317590-242ac113-0001-012
1456,6118335184698797590-242ac113-0001-012
1457,6849576807541314026-242ac113-0001-012
1458,5635011798973354476-242ac114-0001-012
1459,2603354229190496746-242ac113-0001-012
1460,5735997196008877590-242ac113-0001-012
1461,3187727479484256746-242ac113-0001-012
1462,3234839766027801066-242ac113-0001-012
1463,7698348175829242346-242ac113-0001-012
1464,1358739426169384470-242ac113-0001-012
1465,8886668182442480106-242ac113-0001-012
1466,5818245819727277590-242ac113-0001-012
1467,8973738783124034026-242ac113-0001-012
1468,5980424408946708971-242ac118-0001-012
1469,2122121836716626412-242ac114-0001-012
1470,2432201496799669780-242ac117-0001-012
1471,1792101626335784470-242ac113-0001-012
1472,5639693313325994476-242ac114-0001-012
1473,7889305857796346346-242ac113-0001-012
1474,1860821103071784470-242ac113-0001-012
1475,1382619444335144470-242ac113-0001-012
1476,1837885977711144470-242ac113-0001-012
1477,1631212151427624470-242ac113-0001-012
1478,3239140575072686571-242ac117-0001-012
1479,2888923100007961066-242ac113-0001-012
1480,2303846979654184470-242ac113-0001-012
1481,8617753064573833706-242ac116-0001-012
1482,2353453851922984470-242ac113-0001-012
